정책번호,정책제공방법코드,정책명,정책키워드명,정책설명내용,정책대분류명,정책중분류명,정책지원내용,주관기관코드명,운영기관코드명,신청기간구분코드,사업기간구분코드,사업기간시작일자,사업기간종료일자,사업기간기타내용,정책신청방법내용,심사방법내용,신청URL주소,제출서류내용,기타사항내용,참고URL주소,참고URL주소,지원도착순서여부,지원대상최소연령,지원대상최대연령,결혼상태코드,소득조건구분코드,소득기타내용,추가신청자격조건내용,참여제안대상내용,조회수,정책거주지역코드,정책전공요건코드,정책취업요건코드,정책학력요건코드,신청기간,정책특화요건코드,신청시작일,신청마감일,정책세부분류명,원래_정책거주지역코드
20250520005400210862,바우처,부산 청년돌봄이음,바우처,고립·은둔 청년 및 가족돌봄 청(소)년 지원,기타,취약계층 및 금융지원,"1. 청년 돌봄이음 시범사업: 초기상담, 성장 계획 작성 및 모니터링, 자조모임, 관계 회복, 학업 및 진로탐색, 지역사회 자원 연계 등 서비스 제공  
2. 청년 지원 정책 정보 공유  
3. 일상돌봄 서비스 연계 및 장학금 지원 등 대상자 조건에 따른 지원",부산광역시,,상시,특정기간,20250101,2025-12-31,,"부산사회서비스원 홈페이지 온라인 신청  
- 고립은둔 청년 지원 신청: https://busan.pass.or.kr/support/sub6.php  
- 가족돌봄 청(소)년 지원 신청: https://busan.pass.or.kr/support/sub6_2.php",nan,https://busan.pass.or.kr/support/sub6.php,"대상자 선정을 위한 추가서류 요청 가능  
- 가족돌봄 필요성: 진단서·소견서 등 증빙  
- 청년의 돌봄전담: 주민등록상 동거가족 증빙, 재직증명서 중 1개",nan,,,N,18.0,39.0,제한없음,기타,신청페이지 상세안내 확인,"1. 고립·은둔 청년 지원  
- 정의: 부산시 거주 18~39세 청년으로, 집에서 나오지 않거나 기댈 사람이 없는 경우  
- 선정기준: 자가진단 테스트 및 설문 내용 토대로 기초 상담 후 선정  

2. 가족돌봄 청(소)년 지원  
- 정의: 돌봄이 필요한 가족과 함께 거주하며 돌봄을 전담하는 부산시 거주 19~39세 청(소)년  
- 선정기준: 가족돌봄 필요성과 청년의 돌봄전담 요건 모두 충족",nan,16,"부산광역시 중구, 부산광역시 서구, 부산광역시 동구, 부산광역시 영도구, 부산광역시 부산진구, 부산광역시 동래구, 부산광역시 남구, 부산광역시 북구, 부산광역시 해운대구, 부산광역시 사하구, 부산광역시 금정구, 부산광역시 강서구, 부산광역시 연제구, 부산광역시 수영구, 부산광역시 사상구, 부산광역시 기장군",제한없음,제한없음,제한없음,,제한없음,,,기타,"26110,26140,26170,26200,26230,26260,26290,26320,26350,26380,26410,26440,26470,26500,26530,26710"
20250519005400210852,계약(위탁운영),희망두배 청년통장,금리혜택,청년의 자립지원을 통해 저소득 근로청년의 자립의욕을 고취하는 정책입니다.,기타,취약계층 및 금융지원,"- 본인저축액: 월 15만원  
- 매칭지원액: 본인저축액과 동일한 금액 매월 적립  
- 약정기간: 24개월(2년) 또는 36개월(3년) 중 선택  
- 적립금 총액: 2년 약정 시 총 720만원, 3년 약정 시 총 1,080만원  
- 저축방법: 매월 자동이체",돌봄고독정책관,,특정기간,특정기간,20250101,2025-12-31,,"- 신청기간: 2025년 6월 9일(월) ~ 6월 20일(금) 18:00  
- 신청방법: 온라인 신청(PC만 가능)",정보 없음,https://account.welfare.seoul.kr,정보 없음,"- 사업 근거: 「서울특별시 주민생활안정 지원에 관한 조례」제4ㆍ5조 및 시행규칙 제2ㆍ3조  
- 희망두배 청년통장 자립지원 계획(행정1부시장방침 제56호, ’15.6.6)  
- 추진 경과: 2015년 1,000명으로 시작하여 2023~2024년 10,000명으로 확대  
- 사업 기간: 2025년 1월 ~ 2025년 12월  
- 사업비: 46,307백만원 (시비 45,307, 민간재원 1,000)",https://youth.seoul.go.kr/content.do?key=2310100069,,N,18.0,34.0,제한없음,기타,"- 본인소득: 세전 월 255만원 이하  
- 부양의무자: 고소득 1억원, 고재산 9억원 미만",정보 없음,정보 없음,475,"서울특별시 종로구, 서울특별시 중구, 서울특별시 용산구, 서울특별시 성동구, 서울특별시 광진구, 서울특별시 동대문구, 서울특별시 중랑구, 서울특별시 성북구, 서울특별시 강북구, 서울특별시 도봉구, 서울특별시 노원구, 서울특별시 은평구, 서울특별시 서대문구, 서울특별시 마포구, 서울특별시 양천구, 서울특별시 강서구, 서울특별시 구로구, 서울특별시 금천구, 서울특별시 영등포구, 서울특별시 동작구, 서울특별시 관악구, 서울특별시 서초구, 서울특별시 강남구, 서울특별시 송파구, 서울특별시 강동구",제한없음,재직자,제한없음,20250609 ~ 20250620,기타,2025-06-09,2025-06-20,기타,"11110,11140,11170,11200,11215,11230,11260,11290,11305,11320,11350,11380,11410,11440,11470,11500,11530,11545,11560,11590,11620,11650,11680,11710,11740"
20250519005400210851,프로그램,서울 영테크,맞춤형상담서비스,청년의 경제적 자립을 지원하기 위한 금융교육 및 재무상담 제공,일자리(교육),취약계층 및 금융지원,"- 무료 재무상담: 대면 및 비대면 방식으로 재무진단, 소득지출관리, 투자관리, 신용관리 등 맞춤형 재무설계 지원
- 금융교육: 경제상식, 금융투자, 부동산, 신용관리 등 분야별 강의
- 커뮤니티 운영 및 사업 홍보: 영테크 홍보단 운영, 온라인 커뮤니티 및 SNS 활용",청년사업담당관,,특정기간,특정기간,20250101,2025-12-31,,영테크 홈페이지에서 신청 가능,nan,https://youth.seoul.go.kr/youngtech/main,정보제공 동의(주민등록등본 정보 제공: 서울시 거주 여부) 시 별도의 신청 서류 없음,"- 사업 근거: 청년기본법 제22조, 서울시 청년 기본 조례 제14조
- 추진 경과: 2021년 11월부터 사업 개시, 2024년 4월 재무정보 시스템 운영 개시 예정
- 사업비: 2,950백만원 (지방비)",,,N,19.0,39.0,제한없음,무관,nan,"- 재무상담: 서울시에 주소지가 등록된 만 19~39세 청년
- 금융교육: 서울시에서 생활하는 만 19~39세 청년",nan,26,"서울특별시 종로구, 서울특별시 중구, 서울특별시 용산구, 서울특별시 성동구, 서울특별시 광진구, 서울특별시 동대문구, 서울특별시 중랑구, 서울특별시 성북구, 서울특별시 강북구, 서울특별시 도봉구, 서울특별시 노원구, 서울특별시 은평구, 서울특별시 서대문구, 서울특별시 마포구, 서울특별시 양천구, 서울특별시 강서구, 서울특별시 구로구, 서울특별시 금천구, 서울특별시 영등포구, 서울특별시 동작구, 서울특별시 관악구, 서울특별시 서초구, 서울특별시 강남구, 서울특별시 송파구, 서울특별시 강동구",제한없음,제한없음,제한없음,20250301 ~ 20251130,제한없음,2025-03-01,2025-11-30,기타,"11110,11140,11170,11200,11215,11230,11260,11290,11305,11320,11350,11380,11410,11440,11470,11500,11530,11545,11560,11590,11620,11650,11680,11710,11740"
20250517005400210839,프로그램,부산 청년 소셜 다이닝,교육지원,공통의 관심사를 가진 청년들이 전문가와 함께 음식을 만들고 식사를 하며 진로 및 고민 상담을 통해 성장할 수 있는 소통의 장을 마련합니다.,기타,"청년참여,정책인프라구축","- 모집인원: 프로그램 회차별 8명(2인 1조, 총 4개조)  
- 장소: 부산청년센터 공유주방(3층, 모락마루)  
- 신청방법: 청년플랫폼 온라인 신청, 간단한 자기소개글 및 사진파일 첨부 가능  
- 참여자 선정: 회차별 주제에 부합하는 신청자 중 추첨, 2회차 이후 중복 참여자 제외, 신청 마감일 다음날 개별 통보",부산광역시,,상시,특정기간,20250401,2025-12-31,,부산청년플랫폼 온라인 신청,nan,,nan,nan,https://young.busan.go.kr/index.nm?menuCd=276,,Y,18.0,39.0,제한없음,무관,nan,nan,nan,42,"부산광역시 중구, 부산광역시 서구, 부산광역시 동구, 부산광역시 영도구, 부산광역시 부산진구, 부산광역시 동래구, 부산광역시 남구, 부산광역시 북구, 부산광역시 해운대구, 부산광역시 사하구, 부산광역시 금정구, 부산광역시 강서구, 부산광역시 연제구, 부산광역시 수영구, 부산광역시 사상구, 부산광역시 기장군",제한없음,제한없음,제한없음,,제한없음,,,기타,"26110,26140,26170,26200,26230,26260,26290,26320,26350,26380,26410,26440,26470,26500,26530,26710"
20250517005400210838,프로그램,부산 청년활동 마일리지,교육지원,청년들의 시정 참여 활동에 마일리지를 부여하여 자발적인 정책 참여를 유도하고 청년 주도의 정책 홍보를 활성화합니다.,기타,"청년참여,정책인프라구축","부산 시정 참여에 따라 연 최대 10만 포인트(동백전)를 지원하며, 시정홍보, 봉사활동, 시·군·구 주관 교육·행사 참여 시 적립됩니다. 포인트는 부산 내 동백전 가맹점에서 사용 가능합니다.",부산광역시,,상시,특정기간,20250101,2025-12-31,,부산청년플랫폼에서 청년활동마일리지 적립 신청서를 작성하고 증빙자료를 첨부합니다.,신청내용과 증빙자료의 적정여부를 확인하여 항목별로 마일리지를 적립합니다.,https://young.busan.go.kr/mileagesave/add.do?menuCd=250&mn2=248,nan,"마일리지 1점은 1포인트(=1원)로 전환되며, 최초 전환은 3만점 이상부터 가능하고 이후에는 1만점 이상부터 가능합니다. 포인트는 동백전 App 내 정책 지원금 형태로 지급되며, 오프라인 결제만 가능합니다. 동백전 카드 발급이 필요하며, 기존 카드도 사용 가능합니다.",https://young.busan.go.kr/index.nm?menuCd=248,https://busandong100.kr/,N,18.0,39.0,제한없음,무관,nan,nan,nan,11,"부산광역시 중구, 부산광역시 서구, 부산광역시 동구, 부산광역시 영도구, 부산광역시 부산진구, 부산광역시 동래구, 부산광역시 남구, 부산광역시 북구, 부산광역시 해운대구, 부산광역시 사하구, 부산광역시 금정구, 부산광역시 강서구, 부산광역시 연제구, 부산광역시 수영구, 부산광역시 사상구, 부산광역시 기장군",제한없음,제한없음,제한없음,,제한없음,,,기타,"26110,26140,26170,26200,26230,26260,26290,26320,26350,26380,26410,26440,26470,26500,26530,26710"
20250516005400210832,기타,경북 청년애꿈 수당,"바우처,장기미취업청년",도내 청년 미취업자와 청년 근로자의 복지지원을 통해 고용 촉진 및 장기근속 유도 등 청년실업 문제 해결과 안정적인 생활을 지원합니다.,일자리(교육),취업,"- 면접수당: 면접 1회당 7만원 (최대 5회, 35만원)
- 취업성공수당: 50만원 (1인 1회 한정)
- 근속장려수당: 120만원 (분기별 30만원씩, 1인 1회 한정)",경상북도,,특정기간,기타,        ,,연중,"- 온라인 접수: https://gbwork.kr 또는 https://청년애꿈수당.kr
- 신청기간: 2025. 4. 22. ~ 예산 소진 시까지 (근속장려수당: 2025. 5. 13. 18:00까지)","- 면접수당, 취업성공수당: 신청일의 익월 말일경 지급
- 근속장려수당: 대상 선정 후 매분기 종료 후 익월 말일경 지급
- 수당 지급 요건을 충족한 선정대상자에 한함",https://gbwork.kr,"- 공통서류: 부정수급확약서, 개인정보 수집·이용·제공동의서
- 면접수당: 주민등록초본, 면접확인서, 채용공고문, 통장사본
- 취업성공수당: 주민등록초본, 4대보험가입내역확인서, 건강보험료 납부확인서, 중소 또는 중견기업확인서, 통장사본, 근로계약서, 건강보험자격득실확인서
- 근속장려수당: 주민등록초본, 4대보험가입내역확인서, 건강보험료 납부확인서, 중소 또는 중견기업확인서, 통장사본, 건강보험자격득실확인서","- 지원규모: 면접수당 350건, 취업성공수당 67명, 근속장려수당 530명",https://xn--cw0b41ar1bn06a70dmvn.kr/business/view/76,,N,19.0,39.0,제한없음,기타,"- 취업성공수당, 근속장려수당: 월소득 2025년 최저임금 이상 ~ 기준중위소득 150%(3,588,020원)이하인 자","- 면접수당: 2024. 12. 31.까지 경상북도 내 주민등록된 미취업청년, 2025. 1. 1. ~ 12. 31. 도내 중소·중견기업 면접 응시자, 면접일 기준 미취업, 미창업자
- 취업성공수당: 2023. 12. 31.까지 경상북도 내 주민등록된 자, 2024. 1. 1. 이후 도내 중소·중견 기업에 생애 최초 취업한 청년, 근로계약 체결 및 4대 보험 가입, 월소득 2025년 최저임금 이상 ~ 기준중위소득 150% 이하인 자
- 근속장려수당: 2023. 12. 31.까지 도내 중소·중견 기업에 취업하여 현재 재직 중인 청년, 근로계약 체결 및 4대 보험 가입, 월소득 2025년 최저임금 이상 ~ 기준중위소득 150% 이하인 자","- 청년애꿈수당 기 참여자(면접수당 제외), 중앙정부, 타 지자체 유사사업 참여자
- 경상북도 청년복지사업 참여자
- 월 급여총액이 기준중위소득 150% 초과자, 사업자등록자, 대한민국 국적 미보유자, 현역 보충역, 국가근로장학생, 성과급 위주 직종 참여자
- 사업대상자 선정 이후 이직 또는 퇴사한 자(면접수당 제외)
- 기타 경북 청년愛꿈 사업 취지에 부적합한 참여자",43,경상북도,제한없음,"재직자, 미취업자",제한없음,20250422 ~ 20251231,중소기업,2025-04-22,2025-12-31,기타,"47111,47113,47130,47150,47170,47190,47210,47230,47250,47280,47290,47730,47750,47760,47770,47820,47830,47840,47850,47900,47920,47930,47940"
20250516005400210831,기타,전남청년 문화복지카드,보조금,도내 거주 청년의 문화생활과 자기계발을 지원합니다.,기타,문화활동,"연 25만원의 문화복지비를 지원하며, 공연 관람, 학원 수강, 도서 구입 등 전남 도내에서만 사용 가능합니다. 사용 기간은 카드 발급일부터 연말까지이며, 현금 교환 및 미사용 금액 이월은 불가합니다.",전라남도,,특정기간,특정기간,20250304,2025-12-31,,"방문 신청은 주민등록상 주소지 관할 주민센터에서 평일 근무시간에 가능합니다. 본인 방문이 어려운 경우 가족 대리 접수 가능하며, 위임장이 필요합니다. 온라인 신청은 시 거주자는 광주은행, 군 거주자는 농협카드 누리집에서 가능합니다. 본인 인증 절차로 인해 본인만 신청할 수 있습니다.",자격 요건에 부합하는 경우 시·군에서 선정 후 개별 통보합니다.,,"1. 신청서 1부  
2. 개인정보동의서 1부  
3. 주민등록초본 1부  
4. 건강보험자격득실확인서 1부  
행정정보 공동이용 동의 시 3, 4번 서류는 생략 가능합니다.",각 지역별 문의처가 제공됩니다. (예: 목포시 청년인구과 인구정책팀 061-270-8505),https://www.jeonnam.go.kr/J0203/boardView.do?seq=22560&infoReturn=&menuId=jeonnam0203000000&displayHeader=&searchType=0&searchText=%EB%B3%B5%EC%A7%80%EC%B9%B4%EB%93%9C&searchStDate=&searchEnDate=&pageIndex=1&boardId=J0203&displayHeader=,,N,18.0,27.0,제한없음,무관,해당 없음,"도내 2년 이상 거주한 1997~2006년 출생 청년으로, 소득 기준은 없습니다.","1. 복지포인트를 지급받는 공공기관 근무자  
2. 학교 밖 청소년 교육수당을 지급받았거나 지급받을 예정인 자  
3. 전라남도 여성농업인 바우처 대상자  
4. 문화누리카드 지원대상자",161,전라남도,제한없음,제한없음,제한없음,20250304 ~ 20250630,제한없음,2025-03-04,2025-06-30,기타,"46110,46130,46150,46170,46230,46710,46720,46730,46770,46780,46790,46800,46810,46820,46830,46840,46860,46870,46880,46890,46900,46910"
20250515005400210830,보조금,부산 학자금 대출이자 지원,"교육지원,금리혜택","한국장학재단의 학자금대출을 받은 부산시 소재 대학교 대학생, 대학원생 및 대학교 졸업생 대상 대출이자 지원. 2025년 사업의 세부 일정은 7월 이후 공고 예정.",일자리(교육),교육비지원,"2024년 7월부터 2025년 6월까지 발생한 학자금대출 이자 지원. 대출 종류에 상관없이 지원하며, 신청액이 예산을 초과할 경우 소득분위별로 차등 지원. 발생이자 금액만큼 한국장학재단을 통해 대출계좌별 원리금에 상환 처리.",부산광역시,,특정기간,특정기간,20250701,2025-12-31,,신청기간은 2025년 7월부터 8월까지 예정.,nan,,nan,"이자지원 관련 문의는 부산시 120 콜센터(☎051-120), 학자금대출 관련 문의는 한국장학재단(☎1599-2000).",https://young.busan.go.kr/index.nm?menuCd=49,,N,18.0,39.0,제한없음,기타,공고문 확인.,"한국장학재단의 학자금대출을 받은 부산시 소재 대학교 대학생, 대학원생 및 대학교 졸업생 중 아래 요건에 해당하는 자. 대학(원)생은 공고일 기준 부산지역 소재 대학(원)에 재학, 휴학 중인 자. 대학교 졸업생은 공고일 기준 주민등록상 부산시 거주자이며, 부산시 소재 대학교 졸업 후 2년 이내 미취업자.",대학원 졸업생은 지원대상에서 제외. 대학 제적 또는 건강보험자격득실확인서 상 공고일 기준 건강보험 직장가입자인 졸업생은 지원대상에서 제외. 한국장학재단 홈페이지를 통해 본인의 대출잔액 또는 이자 면제 여부 확인 후 신청.,5,"부산광역시 중구, 부산광역시 서구, 부산광역시 동구, 부산광역시 영도구, 부산광역시 부산진구, 부산광역시 동래구, 부산광역시 남구, 부산광역시 북구, 부산광역시 해운대구, 부산광역시 사하구, 부산광역시 금정구, 부산광역시 강서구, 부산광역시 연제구, 부산광역시 수영구, 부산광역시 사상구, 부산광역시 기장군",제한없음,제한없음,대학 졸업,20250701 ~ 20250831,제한없음,2025-07-01,2025-08-31,기타,"26110,26140,26170,26200,26230,26260,26290,26320,26350,26380,26410,26440,26470,26500,26530,26710"
20250515005400210829,보조금,부산지역인재 장학금 및 취업장려금,"교육지원,보조금","부산지역 대학의 IT 및 상경 분야 대학생 3, 4학년(전문대학 2학년)을 대상으로 생활장학금과 취업장려금을 지급합니다. 2025년 사업의 세부 일정은 5월 이후 공고될 예정입니다.",일자리(교육),"취업,미래역량강화","- 지원대상: 부산지역 대학의 IT 및 상경 분야 대학생 3, 4학년(전문대학 2학년)
- 지원자격: 직전학기 12학점 이상 이수, 성적 3.5 이상(4.5 만점 기준), 한국장학재단 학자금 지원구간 소득 9분위 이하
- 지원내용: 생활장학금 1인당 150만원 지급, 졸업 후 지역기업에 12개월 이상 취업 시 취업장려금 150만원 추가 지급",부산광역시,,특정기간,특정기간,20250501,2025-12-31,,nan,nan,https://young.busan.go.kr/index.nm?menuCd=164,nan,nan,,,N,18.0,39.0,제한없음,무관,nan,nan,nan,19,"부산광역시 중구, 부산광역시 서구, 부산광역시 동구, 부산광역시 영도구, 부산광역시 부산진구, 부산광역시 동래구, 부산광역시 남구, 부산광역시 북구, 부산광역시 해운대구, 부산광역시 사하구, 부산광역시 금정구, 부산광역시 강서구, 부산광역시 연제구, 부산광역시 수영구, 부산광역시 사상구, 부산광역시 기장군","상경계열, 이학계열, 공학계열",제한없음,대학 재학,20250501 ~ 20250630,지역인재,2025-05-01,2025-06-30,기타,"26110,26140,26170,26200,26230,26260,26290,26320,26350,26380,26410,26440,26470,26500,26530,26710"
20250515005400210827,보조금,부산청년 기쁨두배통장,보조금,"부산시에 거주하는 일하는 청년이 매월 10만원을 24개월 또는 36개월 저축하면, 본인 저축액과 동일한 금액을 부산시에서 지원합니다. 2025년 사업의 상세 추진 일정은 7월 중 공고 예정입니다.",기타,취약계층 및 금융지원,"부산시에 거주하는 18세~39세 근로 청년을 대상으로, 청년 저축액 월 10만원에 대해 1:1 매칭 지원금을 지급하며, 온라인 금융 교육을 지원합니다.  
- 24개월 저축 시: 만기 수령액 480만원 (본인 저축액 240만원 + 시 지원금 240만원) + 이자  
- 36개월 저축 시: 만기 수령액 720만원 (본인 저축액 360만원 + 시 지원금 360만원) + 이자",부산광역시,,특정기간,특정기간,20250701,2025-12-31,,nan,nan,https://young.busan.go.kr/index.nm?menuCd=53,nan,nan,,,N,18.0,39.0,제한없음,기타,"기준중위소득 150%(2024년 기준)이며, 2025년 상세 내용은 7월 이후 공고 예정입니다.",nan,nan,124,"부산광역시 중구, 부산광역시 서구, 부산광역시 동구, 부산광역시 영도구, 부산광역시 부산진구, 부산광역시 동래구, 부산광역시 남구, 부산광역시 북구, 부산광역시 해운대구, 부산광역시 사하구, 부산광역시 금정구, 부산광역시 강서구, 부산광역시 연제구, 부산광역시 수영구, 부산광역시 사상구, 부산광역시 기장군",제한없음,"재직자, 자영업자",제한없음,20250701 ~ 20250731,제한없음,2025-07-01,2025-07-31,기타,"26110,26140,26170,26200,26230,26260,26290,26320,26350,26380,26410,26440,26470,26500,26530,26710"
20250515005400210826,기타,경기도 청년기본소득,보조금,"경기도형 기본소득제도로 청년의 사회적 기본권 보장을 지원하며, 행복추구와 삶의 질 향상을 목표로 합니다.",기타,취약계층 및 금융지원,"분기별 25만원 지급, 최대 100만원 지원. 시흥, 김포는 모바일, 그 외 지역은 카드로 지급.",경기도,,특정기간,기타,        ,,연중,온라인 신청(apply.jobaba.net). 기존 수령자 중 자동신청에 동의한 경우 별도 신청 불필요.,"신청접수는 5월 1일 09:00부터 5월 30일 18:00까지. 심사 및 선정은 5월 7일부터 6월 10일까지. 지급은 6월 20일부터 시작하며, 지급일은 변경될 수 있음.",https://apply.jobaba.net/special/gibon/bsnsInfo.do,"필수서류: 주민등록초본(25년 5월 1일 이후 발급), 기초생활수급자 증명서(해당자). 선택서류: 신청 위임장, 지역화폐 등록 위임장, 청년 본인과 대리인의 관계증빙서류.","문의처: 시군 청년기본소득 담당부서, 경기도 콜센터(031-120), 경기도미래세대재단 콜센터(1877-0566).",https://youth.gg.go.kr/gg/info/housing-welfare.do?mode=viewTest&arcNo=7805&pager.offset=0&pagerLimit=8,,N,24.0,24.0,제한없음,무관,nan,"신청일 기준 경기도 거주(고양시, 성남시 제외), 최근 3년 이상 계속 또는 합산 10년 이상 거주. 2000년 04월 02일 ~ 2000년 12월 31일 출생자.",nan,740,"경기도 수원시 장안구, 경기도 수원시 권선구, 경기도 수원시 팔달구, 경기도 수원시 영통구, 경기도 의정부시, 경기도 안양시 만안구, 경기도 안양시 동안구, 경기도 부천시 원미구 , 경기도 부천시 소사구 , 경기도 부천시 오정구 , 경기도 광명시, 경기도 평택시, 경기도 동두천시, 경기도 안산시 상록구, 경기도 안산시 단원구, 경기도 과천시, 경기도 구리시, 경기도 남양주시, 경기도 오산시, 경기도 시흥시, 경기도 군포시, 경기도 의왕시, 경기도 하남시, 경기도 용인시 처인구, 경기도 용인시 기흥구, 경기도 용인시 수지구, 경기도 파주시, 경기도 이천시, 경기도 안성시, 경기도 김포시, 경기도 화성시, 경기도 광주시, 경기도 양주시, 경기도 포천시, 경기도 여주시, 경기도 연천군, 경기도 가평군, 경기도 양평군",제한없음,제한없음,제한없음,20250501 ~ 20250530\N20250701 ~ 20250731\N20251015 ~ 20251114,제한없음,2025-10-15,2025-11-14,기타,"41111,41113,41115,41117,41150,41171,41173,41192,41194,41196,41210,41220,41250,41271,41273,41290,41310,41360,41370,41390,41410,41430,41450,41461,41463,41465,41480,41500,41550,41570,41590,41610,41630,41650,41670,41800,41820,41830"
20250514005400210818,기타,대전청년하우스,공공임대주택,청년근로자의 주거안정 및 주거복지 향상을 통한 지역정착 유도,주거,전월세 및 주거급여 지원,"대전 유성구에 위치한 옛 외국인유학생기숙사 누리관을 리모델링하여 대전 소재 사업장에서 근무하는 청년 근로자를 위한 기숙사 조성 및 운영. 기숙사는 지상 1층부터 10층까지 있으며, 연면적은 7,043㎡, 1실은 18.41㎡. 공유라운지 등 11개의 공유공간 제공. 입주기간은 2년이며, 최대 2회 연장 가능. 보증금 1,000,000원, 임대료 250,000원, 관리비 20,000원, 공과금 별도. 정기주차권은 10,000원. 침대, 냉장고, 옷장, 책상, 의자, 신발장, 시스템에어컨, IP-TV, WIFI 제공.",대전광역시,,상시,기타,        ,,상시,"신청기간은 상시이며, 이메일(youthhouse.d@gmail.com) 또는 현장접수(대전 유성구 엑스포로97번길 103) 가능. 대리접수는 현장접수만 가능하며, 도장 및 신분증 지참 필요.",nan,https://daejeonyouthhouse.co.kr/,"청년근로자: 입주 신청서, 재직증명서, 근로계약서, 급여명세서, 4대보험 가입확인서, 장애인증명서(해당 시), 개인정보 수집 동의서. 프리랜서는 용역계약서 및 통장거래내역서로 대체 가능. 외국인 근로자는 외국인등록증 사본 제출.  
중소기업: 입주 신청서, 중소기업 확인서, 사업자등록증, 청년근로자 고용관련 증빙, 매출관련 증빙, 개인정보 수집 동의서.",문의: ☎ 042-863-2030,,,N,18.0,39.0,제한없음,무관,nan,"청년근로자: 대전광역시 청년 기본조례에 따른 청년으로 대전 소재 사업장에서 근무하는 근로자. 특수고용직 및 프리랜서 포함. 외국인 근로자는 외국인등록증 필수.  
중소기업: 중소기업기본법에 따른 중소기업 대표. 선정된 중소기업은 소속 근로자 중 공정한 기준에 따라 입주자 선발.",nan,317,"서울특별시 종로구, 서울특별시 중구, 서울특별시 용산구, 서울특별시 성동구, 서울특별시 광진구, 서울특별시 동대문구, 서울특별시 중랑구, 서울특별시 성북구, 서울특별시 강북구, 서울특별시 도봉구, 서울특별시 노원구, 서울특별시 은평구, 서울특별시 서대문구, 서울특별시 마포구, 서울특별시 양천구, 서울특별시 강서구, 서울특별시 구로구, 서울특별시 금천구, 서울특별시 영등포구, 서울특별시 동작구, 서울특별시 관악구, 서울특별시 서초구, 서울특별시 강남구, 서울특별시 송파구, 서울특별시 강동구, 부산광역시 중구, 부산광역시 서구, 부산광역시 동구, 부산광역시 영도구, 부산광역시 부산진구, 부산광역시 동래구, 부산광역시 남구, 부산광역시 북구, 부산광역시 해운대구, 부산광역시 사하구, 부산광역시 금정구, 부산광역시 강서구, 부산광역시 연제구, 부산광역시 수영구, 부산광역시 사상구, 부산광역시 기장군, 대구광역시 중구, 대구광역시 동구, 대구광역시 서구, 대구광역시 남구, 대구광역시 북구, 대구광역시 수성구, 대구광역시 달서구, 대구광역시 달성군, 대구광역시 군위군, 인천광역시 중구, 인천광역시 동구, 인천광역시 미추홀구, 인천광역시 연수구, 인천광역시 남동구, 인천광역시 부평구, 인천광역시 계양구, 인천광역시 서구, 인천광역시 강화군, 인천광역시 옹진군, 광주광역시 동구, 광주광역시 서구, 광주광역시 남구, 광주광역시 북구, 광주광역시 광산구, 대전광역시 동구, 대전광역시 중구, 대전광역시 서구, 대전광역시 유성구, 대전광역시 대덕구, 울산광역시 중구, 울산광역시 남구, 울산광역시 동구, 울산광역시 북구, 울산광역시 울주군, 세종특별자치시, 경기도 수원시 장안구, 경기도 수원시 권선구, 경기도 수원시 팔달구, 경기도 수원시 영통구, 경기도 성남시 수정구, 경기도 성남시 중원구, 경기도 성남시 분당구, 경기도 의정부시, 경기도 안양시 만안구, 경기도 안양시 동안구, 경기도 부천시 원미구 , 경기도 부천시 소사구 , 경기도 부천시 오정구 , 경기도 광명시, 경기도 평택시, 경기도 동두천시, 경기도 안산시 상록구, 경기도 안산시 단원구, 경기도 고양시 덕양구, 경기도 고양시 일산동구, 경기도 고양시 일산서구, 경기도 과천시, 경기도 구리시, 경기도 남양주시, 경기도 오산시, 경기도 시흥시, 경기도 군포시, 경기도 의왕시, 경기도 하남시, 경기도 용인시 처인구, 경기도 용인시 기흥구, 경기도 용인시 수지구, 경기도 파주시, 경기도 이천시, 경기도 안성시, 경기도 김포시, 경기도 화성시, 경기도 광주시, 경기도 양주시, 경기도 포천시, 경기도 여주시, 경기도 연천군, 경기도 가평군, 경기도 양평군, 충청북도 청주시 상당구, 충청북도 청주시 서원구, 충청북도 청주시 흥덕구, 충청북도 청주시 청원구, 충청북도 충주시, 충청북도 제천시, 충청북도 보은군, 충청북도 옥천군, 충청북도 영동군, 충청북도 증평군, 충청북도 진천군, 충청북도 괴산군, 충청북도 음성군, 충청북도 단양군, 충청남도 천안시 동남구, 충청남도 천안시 서북구, 충청남도 공주시, 충청남도 보령시, 충청남도 아산시, 충청남도 서산시, 충청남도 논산시, 충청남도 계룡시, 충청남도 당진시, 충청남도 금산군, 충청남도 부여군, 충청남도 서천군, 충청남도 청양군, 충청남도 홍성군, 충청남도 예산군, 충청남도 태안군, 전라남도 목포시, 전라남도 여수시, 전라남도 순천시, 전라남도 나주시, 전라남도 광양시, 전라남도 담양군, 전라남도 곡성군, 전라남도 구례군, 전라남도 고흥군, 전라남도 보성군, 전라남도 화순군, 전라남도 장흥군, 전라남도 강진군, 전라남도 해남군, 전라남도 영암군, 전라남도 무안군, 전라남도 함평군, 전라남도 영광군, 전라남도 장성군, 전라남도 완도군, 전라남도 진도군, 전라남도 신안군, 경상북도 포항시 남구, 경상북도 포항시 북구, 경상북도 경주시, 경상북도 김천시, 경상북도 안동시, 경상북도 구미시, 경상북도 영주시, 경상북도 영천시, 경상북도 상주시, 경상북도 문경시, 경상북도 경산시, 경상북도 의성군, 경상북도 청송군, 경상북도 영양군, 경상북도 영덕군, 경상북도 청도군, 경상북도 고령군, 경상북도 성주군, 경상북도 칠곡군, 경상북도 예천군, 경상북도 봉화군, 경상북도 울진군, 경상북도 울릉군, 경상남도 창원시 의창구, 경상남도 창원시 성산구, 경상남도 창원시 마산합포구, 경상남도 창원시 마산회원구, 경상남도 창원시 진해구, 경상남도 진주시, 경상남도 통영시, 경상남도 사천시, 경상남도 김해시, 경상남도 밀양시, 경상남도 거제시, 경상남도 양산시, 경상남도 의령군, 경상남도 함안군, 경상남도 창녕군, 경상남도 고성군, 경상남도 남해군, 경상남도 하동군, 경상남도 산청군, 경상남도 함양군, 경상남도 거창군, 경상남도 합천군, 제주특별자치도 제주시, 제주특별자치도 서귀포시, 강원특별자치도 춘천시, 강원특별자치도 원주시, 강원특별자치도 강릉시, 강원특별자치도 동해시, 강원특별자치도 태백시, 강원특별자치도 속초시, 강원특별자치도 삼척시, 강원특별자치도 홍천군, 강원특별자치도 횡성군, 강원특별자치도 영월군, 강원특별자치도 평창군, 강원특별자치도 정선군, 강원특별자치도 철원군, 강원특별자치도 화천군, 강원특별자치도 양구군, 강원특별자치도 인제군, 강원특별자치도 고성군, 강원특별자치도 양양군, 전북특별자치도 전주시 완산구, 전북특별자치도 전주시 덕진구, 전북특별자치도 군산시, 전북특별자치도 익산시, 전북특별자치도 정읍시, 전북특별자치도 남원시, 전북특별자치도 김제시, 전북특별자치도 완주군, 전북특별자치도 진안군, 전북특별자치도 무주군, 전북특별자치도 장수군, 전북특별자치도 임실군, 전북특별자치도 순창군, 전북특별자치도 고창군, 전북특별자치도 부안군",제한없음,재직자,제한없음,,제한없음,,,임대주택,"11110,11140,11170,11200,11215,11230,11260,11290,11305,11320,11350,11380,11410,11440,11470,11500,11530,11545,11560,11590,11620,11650,11680,11710,11740,26110,26140,26170,26200,26230,26260,26290,26320,26350,26380,26410,26440,26470,26500,26530,26710,27110,27140,27170,27200,27230,27260,27290,27710,27720,28110,28140,28177,28185,28200,28237,28245,28260,28710,28720,29110,29140,29155,29170,29200,30110,30140,30170,30200,30230,31110,31140,31170,31200,31710,36110,41111,41113,41115,41117,41131,41133,41135,41150,41171,41173,41192,41194,41196,41210,41220,41250,41271,41273,41281,41285,41287,41290,41310,41360,41370,41390,41410,41430,41450,41461,41463,41465,41480,41500,41550,41570,41590,41610,41630,41650,41670,41800,41820,41830,43111,43112,43113,43114,43130,43150,43720,43730,43740,43745,43750,43760,43770,43800,44131,44133,44150,44180,44200,44210,44230,44250,44270,44710,44760,44770,44790,44800,44810,44825,46110,46130,46150,46170,46230,46710,46720,46730,46770,46780,46790,46800,46810,46820,46830,46840,46860,46870,46880,46890,46900,46910,47111,47113,47130,47150,47170,47190,47210,47230,47250,47280,47290,47730,47750,47760,47770,47820,47830,47840,47850,47900,47920,47930,47940,48121,48123,48125,48127,48129,48170,48220,48240,48250,48270,48310,48330,48720,48730,48740,48820,48840,48850,48860,48870,48880,48890,50110,50130,51110,51130,51150,51170,51190,51210,51230,51720,51730,51750,51760,51770,51780,51790,51800,51810,51820,51830,52111,52113,52130,52140,52180,52190,52210,52710,52720,52730,52740,52750,52770,52790,52800"
20250513005400210810,기타,이력서 사진 무료촬영서비스,장기미취업청년,청년들의 구직비용 절감 및 경제적 부담 완화를 위해 이력서 사진을 무료로 촬영해주는 서비스입니다.,일자리(교육),취업,1:1 매칭 포토샵 사진촬영 서비스와 현장 사진인화 제공,청년정책과,,상시,특정기간,20250101,2025-12-31,,광주청년통합플랫폼 회원가입 후 온라인 신청서 작성(증빙서류 제출) 및 센터 방문하여 사진촬영,nan,,"- 주민등록등본(최근 1달 이내 발급)
- 신분증 사본
- 이력서 (자유서식)","- 촬영장소: 광주 서구 상무중앙로 34 2층
- 운영시간: 평일 10:00 ~ 20:30 / 토요일 10:00 ~ 17:30 (일요일, 공휴일 휴무)
- 점심시간: 12:00~13:00
- 문의처: 전화 062.372.5993 / FAX 062.372.5996",https://youth.gwangju.go.kr/www/131?siteId=www&svc=suit&url=%2Fwww%2FsuitLend%2FmainView,,N,19.0,39.0,제한없음,무관,nan,신청일 현재 주민등록상 광주광역시 거주 19세 이상 ~ 39세 이하 청년 구직자. 타 지역 청년은 광주 소재 학교 재학생(졸업예정자)으로 신청일 기준 1개월 이내 발급한 재학증명서 제출 시 이용 가능,nan,34,"광주광역시 동구, 광주광역시 서구, 광주광역시 남구, 광주광역시 북구, 광주광역시 광산구",제한없음,제한없음,제한없음,,제한없음,,,기타,"29110,29140,29155,29170,29200"
20250509005400210801,공공기관,청년 자격증 응시료 지원사업,"교육지원,보조금",청년들의 구직활동을 촉진하기 위해 자격증 응시료를 지원합니다.,일자리(교육),취업,"- 기간: 2025년 1월부터 12월까지  
- 대상: 2025년 1월 1일 이전부터 신청일까지 울산에 주민등록이 되어 있는 19세~39세 미취업·미창업 청년  
- 내용: 어학 및 자격증 시험 응시료 지원  
- 범위: 연 1회, 최대 10만원 지원  
- 응시일: 2024년 12월 9일부터 2025년 11월 30일까지 (예산 소진 시까지)  
- 방법: 울산청년정책플랫폼에서 신청 후 구·군에서 접수 및 선정·지급",대학협력과,,특정기간,특정기간,20250101,2025-12-31,,"울산청년정책플랫폼 누리집을 통한 온라인 신청만 가능하며, 방문·우편 제출은 불가합니다.","- 선정은 신청 순서에 따라 진행됩니다.  
- 적정성 검토 후 보완이 필요할 경우 별도 요청하며, 보완 완료 시점을 신청일로 인정합니다.  
- 지원금은 매월 1일부터 말일까지 신청 시 익월 15일 이내 지급됩니다. (휴일·공휴일인 경우 다음 날 지급)",https://www.ulsan.go.kr/s/ulsanyouth/contents.ulsan?mId=008001008000000000,"1. 청년 자격증 응시료 지원 신청서  
2. 개인정보 수집·이용·제공 동의 안내문  
3. 주민등록표초본(변동일자 표기)  
4. 통장사본(신청자 본인 명의)  
5. 응시확인서 또는 성적표(응시 날짜 표기)  
6. 결제 영수증(본인 부담 비용 증빙)  
7. 건강보험자격득실확인서  
8. 사실증명(사업자등록사실여부)",없음,,,N,19.0,39.0,제한없음,무관,없음,응시일부터 신청일까지 울산광역시에 주민등록된 미취업·미창업 청년,"- 응시일 당일 건강보험 직장가입자·사업자 등록자  
- 타 지방정부로부터 동일 목적으로 지원받은 사람  
- 경찰청 주관 '자동차운전면허' 및 해양경찰청 주관 '동력수상레저기구조정면허' 제외  
- 울주군 청년 자기개발비 지원사업 대상자 제외",91,"울산광역시 중구, 울산광역시 남구, 울산광역시 동구, 울산광역시 북구, 울산광역시 울주군",제한없음,미취업자,제한없음,20250207 ~ 20251130,제한없음,2025-02-07,2025-11-30,기타,"31110,31140,31170,31200,31710"
20250508005400210798,기타,면접정장 무료대여,장기미취업청년,청년들의 구직비용 절감 및 경제적 부담 완화를 위해 무료 면접 정장 대여 서비스를 제공합니다.,일자리(교육),취업,"면접 정장 대여 무료 서비스(대여기간 3박 4일, 공휴일 제외). 남성: 정장상의, 정장하의, 셔츠, 넥타이(기본), 벨트, 구두(선택). 여성: 정장자켓, 정장치마·정장바지(택1), 블라우스(기본), 구두(선택). 선착순 대여.",청년정책과,,상시,특정기간,20250101,2025-12-31,,광주청년통합플랫폼 회원가입 → 온라인 신청서 작성(증빙서류 제출) → 정장대여(센터방문) → 정장반납(센터방문).,nan,https://www.todaktodakjob.com/bbs/content.php?co_id=narae_interview,"1. 신청서  
2. 개인정보제공 동의서  
3. 손해배상책임 청구지급 동의서  
4. 주민등록등본(최근 1달 이내 발급)  
5. 신분증 사본  
6. 면접증빙서류","광주청년센터 토닥토닥 3센터: 062-372-5993. 운영시간: 평일 10:00 ~ 20:30, 토요일 10:00 ~ 17:30 (일요일, 공휴일 휴무). 점심시간 12:00~13:00, 마감시간 1시간 전까지 방문.",https://youth.gwangju.go.kr,,N,19.0,39.0,제한없음,무관,nan,주민등록상 광주광역시 거주 19세 이상 ~ 39세 이하 청년 구직자(1986.1.1 ~ 2006.12.31 출생자).,"타 지역 청년은 광주 소재 학교 재학생(졸업예정자)으로 재학증명서 제출 시 이용 가능. 취업 목적에 한하며, 기업·기관 채용면접이 아닌 경우 제외.",19,"광주광역시 동구, 광주광역시 서구, 광주광역시 남구, 광주광역시 북구, 광주광역시 광산구",제한없음,제한없음,제한없음,,제한없음,,,기타,"29110,29140,29155,29170,29200"
20250508005400210794,기타,구직청년 면접용 정장대여사업,장기미취업청년,구직자에게 연 3회 정장 대여 지원,일자리(교육),취업,"미취업 청년 구직자에게 연 최대 3회, 2박 3일 동안 정장 대여. 여성은 재킷, 블라우스, 치마, 구두 등, 남성은 재킷, 셔츠, 넥타이, 바지, 벨트 대여 가능(구두 제외).",청년정책과,재단법인대전청년내일재단,특정기간,기타,        ,,2025년 연중,"1) 대여업체 사전 연락: 방문일자 조율 및 사이즈 확인 필수  
2) 온라인 신청: 방문일자에 맞춰 신청서 작성, 증빙서류 업로드  
3) 대여승인: 평일 09시~18시 증빙서류 확인 후 승인  
4) 접수증 출력 또는 화면 캡쳐  
5) 업체 방문: 신분증 지참, 접수증 제시  
6) 대여 및 반납: 2박 3일  
7) 온라인 만족도 조사 참여: 상·하반기 문자로 링크 발송 시 참여",nan,,"1) 주민등록등·초본 또는 재학증명서  
2) 고용보험자격이력내역서 또는 주 30시간 미만 근로계약서  
3) 면접 확인자료","신청기간: 2025. 3. 17. ~ 예산 소진 시 종료  
지원규모: 900회  
문의: 대전청년내일재단 청년기반팀 ☎ 042-719-8433",https://www.daejeonyouthportal.kr/content/CT_000000000042/cntPage.do?commonMenuNo=304_305_323_325&dpmSectionFst=1&dpmSectionScd=5,,N,18.0,39.0,제한없음,무관,nan,nan,nan,18,"대전광역시 동구, 대전광역시 중구, 대전광역시 서구, 대전광역시 유성구, 대전광역시 대덕구",제한없음,미취업자,제한없음,20250317 ~ 20251231,제한없음,2025-03-17,2025-12-31,기타,"30110,30140,30170,30200,30230"
20250507005400210785,계약(위탁운영),울산청년 구직지원금,"장기미취업청년,보조금",미취업 청년들의 구직활동을 지원하여 청년 취업률을 높이는 경제적 지원 정책입니다.,일자리(교육),취업,"- 구직지원금: 1인당 최대 180만원(월 30만원, 6개월), 클린카드 포인트로 지급  
- 취업성공금: 사업기간 내 취업 후 2개월 근속 시 울산페이 30만원 지원  
- 지원방식: 구직활동 확인 후 매월 포인트 지급, 구직활동 보고서 및 계획서 매월 제출 필요",경제정책관,재단법인울산경제일자리진흥원,상시,특정기간,20250301,2025-12-31,,"- 신청기간: 2025년 매 짝수월 1일 ~ 10일 (예산 소진 시 종료)  
- 신청방법: 온라인 접수(울산일자리포털) 또는 방문 접수(울산경제일자리진흥원)  
- 선정발표: 매 짝수월 20일, 경제일자리진흥원 누리집 및 울산일자리포털 공지, 개별 문자 통보","- 지원대상 요건 심사 후 적격 여부 판단  
- 추진절차: 신청·접수 → 자격확인·심사 → 대상자 선정·통보 → 예비교육 → 지원금 지급 시작 → 구직활동 보고서 제출(총 5회)",,"[필수] 신청서, 개인정보 동의서, 구직활동 계획서, 주민등록등본, 건강보험 관련 서류, 졸업(예정)증명서  
[선택] 가족관계증명서, 근로계약서, 국민취업지원제도 선발 제외 증빙서류  
- 전체를 1개의 PDF 파일로 병합하여 제출, 스캔 불가능 시 방문 접수 가능",문의처: 283-7203~4,https://www.ubpi.or.kr/sub/?mcode=0401070000&no=324,https://www.ubpi.or.kr/sub/?mcode=0403010000&no=3195&kd=title&kw=%EA%B5%AC%EC%A7%81%EC%A7%80%EC%9B%90,N,19.0,39.0,제한없음,기타,"- 중위소득 120%초과~150%이하(19세~34세)  
- 중위소득 60%초과~150%이하(35세~39세)","- 주소지: 울산광역시에 주민등록을 두고 있는 자  
- 나이: 1985. 1. 2. ~ 2005. 1. 2. 출생자  
- 졸업: 고등학교 이하·대학교·대학원 졸업·중퇴·수료자, 최종학년 재학생 가능  
- 취업상태: 미취업자, 주 30시간 미만 근로, 사업자 등록증이 없는 자  
- 가구소득: 연령별 기준중위소득 요건 충족자",nan,111,"울산광역시 중구, 울산광역시 남구, 울산광역시 동구, 울산광역시 북구, 울산광역시 울주군",제한없음,"미취업자, 일용근로자","고졸 예정, 고교 졸업, 대졸 예정, 대학 졸업, 석·박사",,제한없음,,,기타,"31110,31140,31170,31200,31710"
20250502005400210780,보조금,부산 자립청년 주거 다 지원 사업,금리혜택,"자립청년을 대상으로 머물자리론 대출 이자, 중개보수, 주거생활비, 자립물품 구입비를 지원합니다.",주거,주택 및 거주지,"- 사업대상: 부산광역시에 거주하는 보호종료 5년 경과~39세 무주택 자립청년(신혼부부 제외) 세대주
- 모집기간: 2025. 5. 1. ~ 2026. 3. 10.
- 신청기간: 매월 1일 09:00 ~ 10일 18:00
- 지원내용: 선정일부터 12개월 동안
  ① 임차보증금 대출이자 지원(1~1.5%, 12개월)
  ② 중개보수 지원(최대 30만원, 1회)
  ③ 주거 생활비 지원(월 10만원, 12개월)
  ④ 자립물품 구입비 지원(50만원, 1회)",청년정책과,,상시,특정기간,20250501,2026-02-28,,부산청년플랫폼 온라인 신청,nan,https://young.busan.go.kr/index.nm?menuCd=274,nan,nan,,,N,19.0,39.0,제한없음,기타,"연소득 본인 60백만원 이하, 부부합산 100백만원 이하. 소득심사는 협약은행에서 별도 실시",nan,nan,245,"부산광역시 중구, 부산광역시 서구, 부산광역시 동구, 부산광역시 영도구, 부산광역시 부산진구, 부산광역시 동래구, 부산광역시 남구, 부산광역시 북구, 부산광역시 해운대구, 부산광역시 사하구, 부산광역시 금정구, 부산광역시 강서구, 부산광역시 연제구, 부산광역시 수영구, 부산광역시 사상구, 부산광역시 기장군",제한없음,제한없음,제한없음,,기타,,,금융지원,"26110,26140,26170,26200,26230,26260,26290,26320,26350,26380,26410,26440,26470,26500,26530,26710"
20250502005400210779,보조금,부산청년 머물자리론,금리혜택,부산 청년 임차보증금 대출 및 대출이자 지원사업,주거,주택 및 거주지,"부산광역시에 거주하는 19~39세 무주택 청년 세대주(신혼부부 제외)를 대상으로 부산은행에서 최대 1억 원 이내의 임차보증금 대출을 지원합니다. 대출금은 임차보증금의 90% 범위 내에서 가능하며, 대출이자는 소득에 따라 차등 지원됩니다. 대출기간은 1년 이상 2년 이내이며, 만기 일시상환 방식입니다. 기한 연장 시 최초대출금의 5% 이상을 상환해야 하며, 소득요건을 제외한 신청자격은 동일합니다.",청년정책과,,상시,기타,        ,,매월 1일~ 10일,부산청년플랫폼 온라인 신청,nan,https://young.busan.go.kr/index.nm?menuCd=0,nan,nan,,,N,19.0,39.0,제한없음,기타,"연소득 본인 60백만원 이하, 부부합산 100백만원 이하",nan,nan,137,"부산광역시 중구, 부산광역시 서구, 부산광역시 동구, 부산광역시 영도구, 부산광역시 부산진구, 부산광역시 동래구, 부산광역시 남구, 부산광역시 북구, 부산광역시 해운대구, 부산광역시 사하구, 부산광역시 금정구, 부산광역시 강서구, 부산광역시 연제구, 부산광역시 수영구, 부산광역시 사상구, 부산광역시 기장군",제한없음,제한없음,제한없음,,제한없음,,,금융지원,"26110,26140,26170,26200,26230,26260,26290,26320,26350,26380,26410,26440,26470,26500,26530,26710"
20250501005400210761,보조금,"대학생 지역인재육성지원금 지원(1,2학기)",교육지원,지역인재 양성을 위해 다양한 분야의 우수학생을 발굴 지원하여 학비 부담을 완화하고 학업을 장려합니다.,일자리(교육),"취업,미래역량강화","- 사업기간: 2025년 1월 ~ 12월 (연례반복)  
- 사업대상: 2025년 대학교 신입 재학생  
- 연령기준: 24세 이하 대학생  
- 지원내용: 등록금 실납입액 100%, 학기별 최대 250만원 거주비 지원  
- 신청기간: 매년 2월, 7월 예정",교육복지과,,특정기간,특정기간,20250801,2026-02-28,,"- 접수방법: 방문접수  
- 접수처: 화천군청 4층 교육복지과, 사내도서관 1층 사무실  
- 주의사항: 서류누락, 미도달, 접수확인증 미수령·분실 등의 사유로 인한 지원대상 제외에 대한 책임은 본인에게 있음",nan,,nan,- 문의처: 화천군인재육성재단 사무국 (033-440-2161 ~ 2162),,,N,18.0,24.0,제한없음,무관,nan,"- 학생의 부모 모두 또는 실질적으로 부양한 보호자가 주민등록상 3년 이상 관내에 주소를 두고 계속 실거주하고 있는 자  
- 24세 이하 입학한 자  
- 주소 기준일: 매년 1학기는 1월 1일, 2학기는 7월 1일 기준",nan,3,강원특별자치도 화천군,"인문계열, 사회계열, 상경계열, 이학계열, 공학계열, 예체능계열, 농산업계열, 기타",미취업자,대학 재학,20250701 ~ 20250731,지역인재,2025-07-01,2025-07-31,기타,51790
20250501005400210757,기타,2025 전입청년 교통비 지원,보조금,2023년 이후 원주시로 전입하여 타지역 직장으로 출퇴근하는 청년들의 원주시 전입 및 정착을 유도하기 위한 전입청년 교통비 지원 정책입니다.,기타,취약계층 및 금융지원,"대중교통비(고속버스, 시외버스, 기차) 및 승용차 유류비를 월 최대 10만 원(실비)까지 지원합니다. 지원 기간은 2025년 7월부터 2026년 6월까지 12개월입니다.",원주시,,특정기간,특정기간,20250501,2025-06-20,,"방문 또는 온라인으로 신청 가능합니다.  
- 방문: 원주시청 2층 복지정책과  
- 온라인: 원주시 청년지원센터 홈페이지  
접수 시간은 평일 09:00~18:00이며, 점심시간(12:00~13:00)에는 접수하지 않습니다.","추첨은 2025년 6월 27일 금요일 10시에 진행되며, 추첨 후 공고 및 개별 안내 문자가 전송될 예정입니다.",https://www.wonju.go.kr/wjyouth/viewTnWjyouthProgrmU.do?progrmNo=40&key=5942,"- 전입청년 교통비 지원 사업 신청서 1부  
- 개인정보 수집 및 이용 동의서 1부  
- 사업 신청 각서 1부  
- 주민등록초본 1부(주소변동사항 포함, 공고일 이후 발급분)  
- 건강보험 자격득실 확인서 1부(직장가입자에 한함, 공고일 이후 발급분)  
- 재직증명서 1부(공고일 이후 발급분)  
- 사업자등록증 혹은 고유번호증 1부",nan,https://www.wonju.go.kr/www/selectBbsNttView.do?key=216&bbsNo=140&nttNo=459043&searchCtgry=&searchCnd=all&searchKrwd=&pageIndex=1&integrDeptCode=,,N,18.0,39.0,제한없음,무관,nan,"2023년 1월 1일 이후 원주시로 전입하여 거주 중인 18~39세 청년으로, 관외에 직장을 두고 출퇴근하는 자(신청일 기준)입니다.","공무원, 교사, 공공기관 재직자, 2023-2024 해당 사업 대상자입니다.",60,강원특별자치도 원주시,제한없음,재직자,제한없음,20250501 ~ 20250620,제한없음,2025-05-01,2025-06-20,기타,51130
20250501005400210745,기타,청년 자격시험 등 응시료 지원,장기미취업청년,자격증 및 어학시험 등 응시료 실비 지원,일자리(교육),취업,"어학 및 자격증 시험 응시료를 연 1회, 최대 10만원까지 지원하며, 시험 개수에는 제한이 없습니다. 응시일은 2024년 12월 9일부터 2025년 11월 30일까지입니다.",경제정책국,경제정책국,특정기간,기타,        ,,예산 소진 시 까지,"온라인 신청은 울산청년정책플랫폼을 통해서만 가능하며, 방문 및 우편 제출은 불가합니다. 신청 후 서류 보완 및 적격 여부 검토를 거쳐 개별 통보 후 계좌로 입금됩니다.","신청 순서에 따라 선정되며, 적정성 검토 후 보완이 필요할 경우 별도로 요청합니다. 보완 완료 시점을 신청일로 인정합니다.",https://www.ulsan.go.kr/s/ulsanyouth/contents.ulsan?mId=008001008000000000,"주민등록표초본, 건강보험자격득실확인서, 사실증명(사업자등록사실여부), 응시확인 증빙서류, 응시료 결제 영수증, 통장사본","문의는 주소지 구·군으로 하며, 각 구·군별 연락처는 다음과 같습니다: 시(총괄) 052-229-7983, 중구 052-290-8323, 남구 052-226-3122, 동구 052-209-3533, 북구 052-241-7720, 울주군 052-204-1363",https://www.ulsan.go.kr/s/ulsanyouth/contents.ulsan?mId=008001008000000000,,Y,19.0,39.0,제한없음,무관,nan,nan,"응시일 당일 건강보험 직장가입자 또는 사업자 등록자, 타 지방정부로부터 동일 목적으로 지원받지 않은 사람. 경찰청 주관 '자동차운전면허', 해양경찰청 주관 '동력수상레저기구조정면허'는 제외되며, 울주군 청년 자기개발비 지원사업 대상자는 제외됩니다.",123,"울산광역시 중구, 울산광역시 남구, 울산광역시 동구, 울산광역시 북구, 울산광역시 울주군",제한없음,미취업자,제한없음,20250210 ~ 20251130,제한없음,2025-02-10,2025-11-30,기타,"31110,31140,31170,31200,31710"
20250428005400210728,기타,면접용 정장대여(광주 남구),장기미취업청년,2025년 광주 남구 구직청년 면접정장 대여,일자리(교육),취업,"- 지원기간: 2025년 2월 ~ 12월 (예산 소진 시 조기 마감)  
- 지원대상: 광주광역시 남구에 주소를 둔 만 19세 ~ 39세 구직청년  
- 지원내용: 면접용 정장 무료 대여  
  - 대여품목: 남자 - 자켓, 셔츠, 바지, 넥타이 / 여자 - 자켓, 블라우스, 스커트(바지)  
  - 대여기간: 3박 4일 (1인 연간 3회 이용 가능)",경제재정국,,특정기간,특정기간,20250203,2025-12-19,,대여신청(방문·이메일) → 대여승인 → 방문 대여·반납,nan,,nan,nan,,,N,19.0,39.0,제한없음,무관,nan,nan,nan,54,광주광역시 남구,제한없음,제한없음,제한없음,20250203 ~ 20251219,제한없음,2025-02-03,2025-12-19,기타,29155
20250428005400210727,보조금,자격증 취득 지원(광주 남구),장기미취업청년,2025년 광주 남구 미취업 청년 자격증 취득 지원,일자리(교육),취업,"- 신청기간: 2025. 2. 3.(월) 09:00 ~ 12. 15.(월) 24:00 (예산 소진 시 조기 종료)
- 지원대상: 광주 남구에 거주하는 미취업 청년(19세~39세)
- 지원내용: 자격증 시험 응시료 지원(1인 연 2회, 최대 20만원)
- 지원분야: 국가기술자격증(540종), 어학(16종), 한국사",경제재정국,,특정기간,특정기간,20250203,2025-12-15,,"- 방문: 남구청 일자리정책과 청년정책팀(남구 봉선로 1, 6층)
- 이메일: swim0312@korea.kr",nan,,nan,nan,,,Y,19.0,39.0,제한없음,기타,"미취업자, 사업자등록 사실이 없는 자",nan,"광주광역시 자격증 응시료 지원 대상자, 광주광역시 청년구직활동수당 지원 대상자, 국민취업지원제도 지원 대상자",53,광주광역시 남구,제한없음,미취업자,제한없음,20250203 ~ 20251215,제한없음,2025-02-03,2025-12-15,직무훈련,29155
20250424005400210721,프로그램,울산 중구 2025년 청년도전지원사업 (중기),장기미취업청년,구직단념청년 등을 발굴하고 구직의욕 고취 및 자신감 강화를 위한 맞춤형 프로그램을 제공하여 노동시장 참여 및 취업을 촉진합니다.,일자리(교육),취업,"- 사업 운영기간: 15주 이상  
- 참여수당: 1인당 150만원(50만원×3회)  
- 이수 인센티브: 이수 시 20만원  
- 취(창)업 인센티브: 이수 후 6개월 이내 취(창)업하고 3개월 근속 시 50만원",경제문화국,,특정기간,특정기간,20250401,2025-11-02,,울산중구종합사회복지관 상담 및 문의 (052-290-3161),nan,,nan,"- <중기 2기>  
  - 접수기간: ~5월 2일까지  
  - 프로그램 기간: 4월 28일~8월 7일  
- <중기 3기>  
  - 접수기간: ~7월 21일까지  
  - 프로그램 기간: 7월 21일~11월 2일",,,Y,19.0,39.0,제한없음,무관,nan,자세한 사항은 울산중구종합사회복지관으로 문의하시기 바랍니다(052-296-3161),nan,64,"울산광역시 중구, 울산광역시 남구, 울산광역시 동구, 울산광역시 북구, 울산광역시 울주군",제한없음,미취업자,제한없음,20250401 ~ 20250721,제한없음,2025-04-01,2025-07-21,기타,"31110,31140,31170,31200,31710"
20250424005400210720,보조금,강동구 미취업 청년 어학 및 자격시험 응시료 지원,"보조금,장기미취업청년",강동구 미취업 청년들에게 어학 및 자격시험 응시료를 지원하여 경제적 부담을 완화하고 취업역량 강화를 통해 구직활동을 촉진하고자 함.,일자리(교육),취업,"강동구 거주 미취업 청년 대상, 1인당 최대 10만원 응시료 실비 지원(생애 1회).",강동구,,특정기간,특정기간,20250501,2025-12-31,,공고문 확인 후 신청서 및 서류를 준비하여 이메일 접수(exam_fee@gangdong.go.kr).,nan,https://www.gangdong.go.kr/web/newportal/notice/01/53129,공고 참조,nan,,,Y,19.0,39.0,제한없음,무관,nan,nan,nan,54,서울특별시 강동구,제한없음,"미취업자, 단기근로자",제한없음,20250501 ~ 20251231,제한없음,2025-05-01,2025-12-31,기타,11740
20250424005400210719,프로그램,청년 내일(job)설계 프로그램 운영,교육지원,기업·기관에 재직 중인 청년(19~39세)에게 사회진출 초기부터 경력경로 설계를 지원합니다.,일자리(교육),재직자,"전문가와의 1:1 상담(1인당 2회, 회당 2시간)을 통해 경력경로 설계를 지원합니다.  
1회: CPA 검사 및 job 테라피를 통해 직무적성, 성향, 경력경로 탐색 및 설계, 직무 관련 솔루션 제공  
2회: 퍼스널컬러 진단, 이미지 브랜딩, 체형 및 얼굴형 분석, 이미지 스타일링 및 자세 코칭",관리담당관,,상시,특정기간,20250101,2025-12-31,,팩스(062-613-7999) 또는 전자우편(melong1115@korea.kr)으로 신청,nan,,"신청서 및 동의서 1부, 재직증명서 및 신분증 사본 1부",nan,https://youth.gwangju.go.kr/,,N,19.0,39.0,제한없음,무관,nan,기업·기관에 재직 중인 청년(19세 ~ 39세),nan,932,"광주광역시 동구, 광주광역시 서구, 광주광역시 남구, 광주광역시 북구, 광주광역시 광산구",제한없음,재직자,제한없음,,제한없음,,,기타,"29110,29140,29155,29170,29200"
20250423005400210717,프로그램,청년 면접정장 무료대여 '꿈이룸옷장',장기미취업청년,청년 구직자의 취업 준비 장기화로 인한 경제적 부담을 줄이고 구직활동을 촉진하여 취업 성공을 지원합니다.,일자리(교육),취업,"- 지원대상: 대구 소재 대학의 재(휴)학생 또는 대구에 주소를 둔 34세 미만 청년으로 면접 전형을 앞둔 자(달서구 거주자는 39세까지 가능)
- 대여물품: 면접용 남녀 정장(셔츠, 블라우스, 구두, 벨트 포함)
- 대여비용: 무료(세탁비 7천원 본인 부담)
- 대여기간: 2박 3일(주말 미포함)
- 이용방법: 온라인 사전예약 후 방문 대여 및 반납",기획경제국,산학협력단,특정기간,특정기간,20250325,2025-12-31,,"1. 온라인 사전예약(면접일 6일 전부터 신청 가능)
   - 신청주소: https://forms.gle/o5ZueM4y9cXhbsBm6 
2. 예약 확정 후 꿈이룸옷장 방문(지하철 2호선 계명대역 지하 2층)
3. 면접 후 방문 반납(주말 및 공휴일 불가)",nan,https://forms.gle/o5ZueM4y9cXhbsBm6,"- 신청 시: 면접증빙서류(이메일, 사이트캡처, 문자 등)
- 대여 시: 면접증빙서류, 신분증, 주민등록등본/학생증 지참",nan,https://www.dalseo.daegu.kr/index.do?menu_id=00004787,https://www.kmcu.ac.kr/job/?pCode=MN1000019&mode=view&idx=284122,N,18.0,33.0,제한없음,무관,nan,nan,nan,118,"대구광역시 중구, 대구광역시 동구, 대구광역시 서구, 대구광역시 남구, 대구광역시 북구, 대구광역시 수성구, 대구광역시 달서구, 대구광역시 달성군, 대구광역시 군위군",제한없음,미취업자,제한없음,20250326 ~ 20251231,제한없음,2025-03-26,2025-12-31,기타,"27110,27140,27170,27200,27230,27260,27290,27710,27720"
20250416005400210710,프로그램,2025년 달서청년 자격증 응시료 지원사업,장기미취업청년,청년 구직자들에게 어학 및 자격시험 응시료를 지원하여 경제적 부담을 완화하고 취업 능력 개발을 촉진하는 정책입니다.,일자리(교육),취업,"2025 달서청년 자격증 응시료 지원사업으로, 달서구에 1년 이상 거주한 18~39세 미취업 청년에게 어학 및 자격시험 응시료를 실비 지원합니다. 1인당 연 1회 1종, 최대 10만원까지 지원하며, 자동차 운전면허는 제외됩니다.",기획경제국,,특정기간,특정기간,20250115,2025-11-30,,"시험 응시 후 달서구 홈페이지에서 온라인 신청하고, 이메일로 증빙서류를 제출합니다. (홈페이지: 통합예약 > 일자리/생활 > 달서청년 자격증 응시료 지원, 이메일: dalseojob@korea.kr)","대상자는 신청 익월 15일까지 개별 통보되며, 응시료는 신청 익월 20일까지 계좌이체로 지급됩니다.",https://www.dalseo.daegu.kr/index.do?menu_id=00004358,"- 응시료 지원 신청서  
- 행정정보 공동이용 사전동의서  
- 응시사실 확인증빙(응시확인서 또는 성적표)  
- 응시료 결제 영수증  
- 통장 사본(신청자 본인 명의)  
- 근로계약서(선택사항)","신청이 많을 경우 조기 마감될 수 있으며, 신청 순서대로 지원합니다. 정부 및 타 지자체의 동일·유사사업에 참여 중인 경우 신청이 불가합니다. 허위 신청 시 선정 취소 및 지원 환수 조치가 이루어집니다.",https://www.dalseo.daegu.kr/index.do?menu_id=00004358,,N,18.0,39.0,제한없음,무관,nan,nan,"- 신청일 기준 취업자 및 사업자등록 사실이 있는 자  
- 신청일 기준 달서구에 주민등록이 된 기간이 1년에 되지 않는 자  
- 정부 및 타 지자체 동일·유사사업에 참여 중이거나 참여한 자",475,대구광역시 달서구,제한없음,"미취업자, 일용근로자, 단기근로자",제한없음,20250115 ~ 20251130,제한없음,2025-01-15,2025-11-30,기타,27290
20250410005400210700,기타,AI 면접체험실 운영,장기미취업청년,AI 면접 체험을 통해 면접 불안감 해소 및 역량 강화를 지원합니다.,일자리(교육),취업,AI 면접 체험 프로그램 제공,의왕시,,상시,특정기간,20250101,2025-12-31,,nan,nan,,nan,문의: 의왕시청 기업일자리과 일자리청년팀(☎031-345-2712),https://youth.gg.go.kr/gg/index.do,,N,19.0,39.0,제한없음,무관,nan,nan,nan,184,경기도 의왕시,제한없음,제한없음,제한없음,,제한없음,,,취업지원,41430
20250407005400210696,대출보증,경기청년 기회사다리금융,"금리혜택,대출","청년들에게 최소한의 금융기회를 제공하여 경제적 자립과 안정적 금융생활을 지원합니다. 대상은 도내 주민등록을 둔 25 ~ 39세 청년이며, 소액·저리·장기 대출 및 수시입출식 특별예금을 지원합니다. 민원접수 및 요건심사 후 은행에서 대출심사 및 실행이 이루어집니다.",기타,취약계층 및 금융지원,"대출한도는 최초 300만원이며, 1년 후 신용점수 유지 또는 상승 시 500만원으로 증액됩니다. 하나의 계좌로 저금리 대출과 우대금리 저축을 이용할 수 있습니다.",경기도,하나은행,특정기간,기타,        ,,한도 소진시까지 ,경기민원24에서 신청 접수 후 하나은행 앱을 통해 2차 서류심사를 진행합니다.,nan,https://gg24.gg.go.kr/svcreqst/selectSvcReqst.do?svc_seq=854,nan,nan,,,N,25.0,39.0,제한없음,무관,nan,nan,대출 심사일 기준 기대출잔액이 5천만원 이상인 경우 신청이 제한됩니다.,315,경기도,제한없음,제한없음,제한없음,20250421 ~ 20251231,제한없음,2025-04-21,2025-12-31,기타,"41111,41113,41115,41117,41131,41133,41135,41150,41171,41173,41192,41194,41196,41210,41220,41250,41271,41273,41281,41285,41287,41290,41310,41360,41370,41390,41410,41430,41450,41461,41463,41465,41480,41500,41550,41570,41590,41610,41630,41650,41670,41800,41820,41830"
20250403005400110686,프로그램,해외조달 전문인력 양성,"교육지원,중소기업,해외진출",청년(학생 및 조달기업 재직자)을 대상으로 해외조달시장에 대한 이론 및 실무 교육을 실시하고 채용과 연계합니다.,일자리(교육),취업,"해외조달시장에 대한 전문적인 실무 및 실습 프로그램을 개발하여 청년 전문인력으로 양성하고, 수료생들을 전문인력 풀로 활용하여 후속 취업교육을 통해 채용 기회를 확대합니다.",조달청,,상시,특정기간,20250301,2025-11-30,,nan,nan,,nan,nan,https://www.pps.go.kr/kor/bbs/view.do?bbsSn=2407150010&key=00634,,N,19.0,34.0,제한없음,무관,nan,대학(원)생 및 취업준비생,nan,307,"서울특별시 종로구, 서울특별시 중구, 서울특별시 용산구, 서울특별시 성동구, 서울특별시 광진구, 서울특별시 동대문구, 서울특별시 중랑구, 서울특별시 성북구, 서울특별시 강북구, 서울특별시 도봉구, 서울특별시 노원구, 서울특별시 은평구, 서울특별시 서대문구, 서울특별시 마포구, 서울특별시 양천구, 서울특별시 강서구, 서울특별시 구로구, 서울특별시 금천구, 서울특별시 영등포구, 서울특별시 동작구, 서울특별시 관악구, 서울특별시 서초구, 서울특별시 강남구, 서울특별시 송파구, 서울특별시 강동구, 부산광역시 중구, 부산광역시 서구, 부산광역시 동구, 부산광역시 영도구, 부산광역시 부산진구, 부산광역시 동래구, 부산광역시 남구, 부산광역시 북구, 부산광역시 해운대구, 부산광역시 사하구, 부산광역시 금정구, 부산광역시 강서구, 부산광역시 연제구, 부산광역시 수영구, 부산광역시 사상구, 부산광역시 기장군, 대구광역시 중구, 대구광역시 동구, 대구광역시 서구, 대구광역시 남구, 대구광역시 북구, 대구광역시 수성구, 대구광역시 달서구, 대구광역시 달성군, 대구광역시 군위군, 인천광역시 중구, 인천광역시 동구, 인천광역시 미추홀구, 인천광역시 연수구, 인천광역시 남동구, 인천광역시 부평구, 인천광역시 계양구, 인천광역시 서구, 인천광역시 강화군, 인천광역시 옹진군, 광주광역시 동구, 광주광역시 서구, 광주광역시 남구, 광주광역시 북구, 광주광역시 광산구, 대전광역시 동구, 대전광역시 중구, 대전광역시 서구, 대전광역시 유성구, 대전광역시 대덕구, 울산광역시 중구, 울산광역시 남구, 울산광역시 동구, 울산광역시 북구, 울산광역시 울주군, 세종특별자치시, 경기도 수원시 장안구, 경기도 수원시 권선구, 경기도 수원시 팔달구, 경기도 수원시 영통구, 경기도 성남시 수정구, 경기도 성남시 중원구, 경기도 성남시 분당구, 경기도 의정부시, 경기도 안양시 만안구, 경기도 안양시 동안구, 경기도 부천시 원미구 , 경기도 부천시 소사구 , 경기도 부천시 오정구 , 경기도 광명시, 경기도 평택시, 경기도 동두천시, 경기도 안산시 상록구, 경기도 안산시 단원구, 경기도 고양시 덕양구, 경기도 고양시 일산동구, 경기도 고양시 일산서구, 경기도 과천시, 경기도 구리시, 경기도 남양주시, 경기도 오산시, 경기도 시흥시, 경기도 군포시, 경기도 의왕시, 경기도 하남시, 경기도 용인시 처인구, 경기도 용인시 기흥구, 경기도 용인시 수지구, 경기도 파주시, 경기도 이천시, 경기도 안성시, 경기도 김포시, 경기도 화성시, 경기도 광주시, 경기도 양주시, 경기도 포천시, 경기도 여주시, 경기도 연천군, 경기도 가평군, 경기도 양평군, 충청북도 청주시 상당구, 충청북도 청주시 서원구, 충청북도 청주시 흥덕구, 충청북도 청주시 청원구, 충청북도 충주시, 충청북도 제천시, 충청북도 보은군, 충청북도 옥천군, 충청북도 영동군, 충청북도 증평군, 충청북도 진천군, 충청북도 괴산군, 충청북도 음성군, 충청북도 단양군, 충청남도 천안시 동남구, 충청남도 천안시 서북구, 충청남도 공주시, 충청남도 보령시, 충청남도 아산시, 충청남도 서산시, 충청남도 논산시, 충청남도 계룡시, 충청남도 당진시, 충청남도 금산군, 충청남도 부여군, 충청남도 서천군, 충청남도 청양군, 충청남도 홍성군, 충청남도 예산군, 충청남도 태안군, 전라남도 목포시, 전라남도 여수시, 전라남도 순천시, 전라남도 나주시, 전라남도 광양시, 전라남도 담양군, 전라남도 곡성군, 전라남도 구례군, 전라남도 고흥군, 전라남도 보성군, 전라남도 화순군, 전라남도 장흥군, 전라남도 강진군, 전라남도 해남군, 전라남도 영암군, 전라남도 무안군, 전라남도 함평군, 전라남도 영광군, 전라남도 장성군, 전라남도 완도군, 전라남도 진도군, 전라남도 신안군, 경상북도 포항시 남구, 경상북도 포항시 북구, 경상북도 경주시, 경상북도 김천시, 경상북도 안동시, 경상북도 구미시, 경상북도 영주시, 경상북도 영천시, 경상북도 상주시, 경상북도 문경시, 경상북도 경산시, 경상북도 의성군, 경상북도 청송군, 경상북도 영양군, 경상북도 영덕군, 경상북도 청도군, 경상북도 고령군, 경상북도 성주군, 경상북도 칠곡군, 경상북도 예천군, 경상북도 봉화군, 경상북도 울진군, 경상북도 울릉군, 경상남도 창원시 의창구, 경상남도 창원시 성산구, 경상남도 창원시 마산합포구, 경상남도 창원시 마산회원구, 경상남도 창원시 진해구, 경상남도 진주시, 경상남도 통영시, 경상남도 사천시, 경상남도 김해시, 경상남도 밀양시, 경상남도 거제시, 경상남도 양산시, 경상남도 의령군, 경상남도 함안군, 경상남도 창녕군, 경상남도 고성군, 경상남도 남해군, 경상남도 하동군, 경상남도 산청군, 경상남도 함양군, 경상남도 거창군, 경상남도 합천군, 제주특별자치도 제주시, 제주특별자치도 서귀포시, 강원특별자치도 춘천시, 강원특별자치도 원주시, 강원특별자치도 강릉시, 강원특별자치도 동해시, 강원특별자치도 태백시, 강원특별자치도 속초시, 강원특별자치도 삼척시, 강원특별자치도 홍천군, 강원특별자치도 횡성군, 강원특별자치도 영월군, 강원특별자치도 평창군, 강원특별자치도 정선군, 강원특별자치도 철원군, 강원특별자치도 화천군, 강원특별자치도 양구군, 강원특별자치도 인제군, 강원특별자치도 고성군, 강원특별자치도 양양군, 전북특별자치도 전주시 완산구, 전북특별자치도 전주시 덕진구, 전북특별자치도 군산시, 전북특별자치도 익산시, 전북특별자치도 정읍시, 전북특별자치도 남원시, 전북특별자치도 김제시, 전북특별자치도 완주군, 전북특별자치도 진안군, 전북특별자치도 무주군, 전북특별자치도 장수군, 전북특별자치도 임실군, 전북특별자치도 순창군, 전북특별자치도 고창군, 전북특별자치도 부안군",제한없음,제한없음,제한없음,,중소기업,,,직무훈련,"11110,11140,11170,11200,11215,11230,11260,11290,11305,11320,11350,11380,11410,11440,11470,11500,11530,11545,11560,11590,11620,11650,11680,11710,11740,26110,26140,26170,26200,26230,26260,26290,26320,26350,26380,26410,26440,26470,26500,26530,26710,27110,27140,27170,27200,27230,27260,27290,27710,27720,28110,28140,28177,28185,28200,28237,28245,28260,28710,28720,29110,29140,29155,29170,29200,30110,30140,30170,30200,30230,31110,31140,31170,31200,31710,36110,41111,41113,41115,41117,41131,41133,41135,41150,41171,41173,41192,41194,41196,41210,41220,41250,41271,41273,41281,41285,41287,41290,41310,41360,41370,41390,41410,41430,41450,41461,41463,41465,41480,41500,41550,41570,41590,41610,41630,41650,41670,41800,41820,41830,43111,43112,43113,43114,43130,43150,43720,43730,43740,43745,43750,43760,43770,43800,44131,44133,44150,44180,44200,44210,44230,44250,44270,44710,44760,44770,44790,44800,44810,44825,46110,46130,46150,46170,46230,46710,46720,46730,46770,46780,46790,46800,46810,46820,46830,46840,46860,46870,46880,46890,46900,46910,47111,47113,47130,47150,47170,47190,47210,47230,47250,47280,47290,47730,47750,47760,47770,47820,47830,47840,47850,47900,47920,47930,47940,48121,48123,48125,48127,48129,48170,48220,48240,48250,48270,48310,48330,48720,48730,48740,48820,48840,48850,48860,48870,48880,48890,50110,50130,51110,51130,51150,51170,51190,51210,51230,51720,51730,51750,51760,51770,51780,51790,51800,51810,51820,51830,52111,52113,52130,52140,52180,52190,52210,52710,52720,52730,52740,52750,52770,52790,52800"
20250402005400210684,기타,청년 재능자판기 운영,장기미취업청년,관내 청년공예가의 공예품 판매 지원 및 커뮤니티 활성화,기타,취업,공예품 판매대 설치 및 운영,의왕시,의왕시,상시,특정기간,20250101,2025-12-31,,nan,nan,,nan,문의: 의왕시청 기업일자리과 일자리청년팀(031-345-2712),,,N,19.0,39.0,제한없음,무관,nan,nan,nan,11,경기도 의왕시,제한없음,제한없음,제한없음,,제한없음,,,기타,41430
20250402005400210683,기타,청년공간 운영사업,교육지원,"청년들의 취업 및 다양한 활동을 지원하고, 힐링과 소통의 역할을 수행할 수 있는 청년 전용 공간 운영",기타,문화활동,"청년 휴식공간 제공, 취업 역량강화 프로그램 운영, 청년 심리검사 및 상담, 강의실 대관 및 스터디룸 예약제 운영",의왕시,의왕시,상시,특정기간,20250102,2025-12-31,,nan,nan,https://www.uiwang.go.kr/UWKORWEL1601,nan,문의: 의왕시청 기업일자리과 일자리청년팀(☎031-345-2712),,,N,19.0,39.0,제한없음,무관,nan,nan,nan,68,경기도 의왕시,제한없음,제한없음,제한없음,,제한없음,,,기타,41430
20250401005400210681,기타,의왕시 청년옷장(면접정장 무료대여서비스),장기미취업청년,의왕시 거주 청년(19세~39세)을 위한 면접용 정장 무료 대여 서비스,일자리(교육),취업,"면접용 정장 무료 대여 (남자: 자켓, 바지, 셔츠, 구두, 벨트, 넥타이 / 여자: 자켓, 스커트, 블라우스, 구두)  
대여기간: 3박 4일, 연간 10회 가능  
연장 시 대여비용의 20% 부담, 연체 시 1일당 30% 추가 부담  
정장 분실 및 훼손 시 대여자가 비용 부담",의왕시,,상시,특정기간,20250101,2025-12-31,,"온라인 접수만 가능 (잡아바어플라이 | 통합접수시스템)  
신청 후 쿠폰 발행 (문자 발송)  
업체 예약: 야베스 컬렉션(전화 및 문자 예약), 무토벨라(네이버 예약)",nan,https://apply.jobaba.net/bsns/bsnsDetailView.do?bsnsSeq=4018,"신분증(의왕시 주소 필수), 면접증빙서류(면접일시, 성명 명시 필수)  
신분증에 의왕시 주소가 없을 경우 주소 확인 서류 제출 필수",nan,https://apply.jobaba.net/bsns/bsnsDetailView.do?bsnsSeq=4018,https://apply.jobaba.net/bsns/bsnsDetailView.do?bsnsSeq=4018,Y,19.0,39.0,제한없음,무관,nan,nan,nan,12,경기도 의왕시,제한없음,제한없음,제한없음,,제한없음,,,기타,41430
20250401005400210680,공공기관,청년제대군인 진로탐색비 지원,장기미취업청년,근로 의사가 있으나 취업이나 창업을 하지 못한 부상 제대군인 또는 중장기 복무 제대군인에게 진로탐색비를 지원하여 사회 복귀와 예우를 증진합니다.,일자리(교육),취약계층 및 금융지원,"1회 100만원을 지원합니다. 대상은 2024년 이후 전역한 18세~39세 이하 청년 부상 제대군인 또는 청년 중장기 복무 제대군인으로, 신청일 기준 6개월 이상 대전에 주민등록 및 거주하며 적극적 구직활동을 해야 합니다.",대전광역시,복지국,상시,특정기간,20240101,2025-12-31,,신청서와 구비서류를 방문 또는 우편으로 제출합니다.,자격 심사 후 적격자에게 신청일로부터 2주 이내에 본인 계좌로 입금합니다.,,"1. 신청서  
2. 신분증 사본  
3. 주민등록초본(주소변동 모두)  
4. 병적증명서  
5. 고용보험 자격이력 내역서  
6. 사업자등록 사실증명  
7. 적극적 구직활동 인정서류  
8. 본인 명의 통장 사본  
9. 국가보훈대상자증 사본(청년 부상 제대군인인 경우) 또는 제대군인 확인서(청년 중장기 복무 제대군인인 경우)  
* 서류 발급 기준일: 신청월",대전광역시 홈페이지에서 신청서와 안내문을 확인할 수 있습니다. (https://www.daejeon.go.kr),https://www.daejeon.go.kr,,N,18.0,39.0,제한없음,무관,nan,"청년 부상 제대군인(전상군경, 공상군경, 재해부상군경) 또는 청년 중장기 복무 제대군인(5년 이상 19년 6개월 미만 복무 제대)으로, 2024년 1월 1일 이후 전역자입니다.",nan,310,"대전광역시 동구, 대전광역시 중구, 대전광역시 서구, 대전광역시 유성구, 대전광역시 대덕구",제한없음,미취업자,제한없음,,군인,,,기타,"30110,30140,30170,30200,30230"
20250331005400210676,기타,2025 구직청년 자격증 취득지원,교육지원,미취업 청년들의 경제적 부담을 줄이고 능력 개발을 지원하기 위해 구직활동에 필요한 자격시험 응시료를 지원합니다.,일자리(교육),취업,"어학 및 능력시험, 국가기술자격증, 국가공인자격증, 국가전문자격증 중 1회 시험 응시료를 최대 10만원까지 지원합니다.",청년정책과,,상시,기타,        ,,"매월 1일 300명 선착순, 예산소진시 까지",광주청년통합플랫폼을 통해 온라인으로 신청합니다.,nan,https://youth.gwangju.go.kr,"1. 주민등록표초본(신청월 발급본, 주민등록번호 뒷자리 가리고 제출)  
2. 건강보험자격득실확인서(신청일 발급본, 주민등록번호 뒷자리 가리고 제출)  
3. 응시 사실 확인 증빙자료(응시확인서, 성적표 등 택 1)  
4. 응시료 결제 영수증(신청자 본인이 부담한 비용, 결제금액 표기)  
5. 통장사본(응시자 본인 명의)",nan,,,N,19.0,39.0,제한없음,무관,nan,"- 주민등록: 시험 응시일부터 신청일까지 광주광역시에 거주 중인 자  
- 연령: 19세 ~ 39세(1985년 1월 2일 ~ 2006년 1월 1일 출생자)  
- 기타: 시험 응시일 기준 미취업자",nan,345,"광주광역시 동구, 광주광역시 서구, 광주광역시 남구, 광주광역시 북구, 광주광역시 광산구",제한없음,미취업자,제한없음,,제한없음,,,기타,"29110,29140,29155,29170,29200"
20250331005400210675,기타,청년창업 특례보증,대출,청년 창업기업에 대한 특례보증과 이자지원을 통해 자금력 문제를 완화하고 창업을 활성화합니다.,일자리(교육),창업,"- 업체당 최대 5천만 원 지원  
- 상환방법: 1년 일시상환(최대 5년 연장 가능) 또는 5년 분할상환(1년 거치, 4년 원금균등분할)  
- 이자지원: 3% (1년간)  
- 보증비율: 100%  
- 보증료율: 연 0.5%  
- 대출금리: 은행별 변동금리 (광주은행, 신한은행, 우리은행, NH농협은행, KB국민은행, IBK기업은행, KEB하나은행)  
- 자금 소진 시 신청 종료",창업진흥과,,특정기간,기타,        ,,예산 소진 시 마감,"- 기업이 광주신용보증재단에 신청 및 접수  
- 재단 홈페이지에서 상담 예약 후 방문 접수  
- 재단 영업점: 광산지점, 동구지점, 서구지점, 남구지점, 북구지점, 송정지점","- 광주신용보증재단의 보증심사 결과에 따라 지원액 결정  
- 보증지원 결정 통보기관: 광주신용보증재단",https://www.gjsinbo.or.kr,"- 신분증, 사업자등록증, 사업장 임대차계약서, 거주지 임대차계약서(임차 시)  
- 법인 사업자 추가서류: 법인등기부등본, 정관, 주주명부, 법인인감증명서/법인인감도장  
- 구비서류 세부내역 및 추가서류는 신용보증재단 문의",nan,,,N,19.0,39.0,제한없음,무관,nan,"광주광역시 소재 청년 창업기업 (만 39세 이하, 업력 7년 이내인 소기업·소상공인)  
""2025년 광주광역시 소상공인 특례보증 지원사업"" 대상 업체 제외",nan,389,"광주광역시 동구, 광주광역시 서구, 광주광역시 남구, 광주광역시 북구, 광주광역시 광산구",제한없음,"자영업자, (예비)창업자",제한없음,20250312 ~ 20251231,제한없음,2025-03-12,2025-12-31,창업,"29110,29140,29155,29170,29200"
20250328005400210670,기타,서귀포시 취업준비 청년 자격증 등 응시료 지원사업 ,장기미취업청년,취업준비 청년의 경제적 부담을 줄이고 취업 역량 강화를 위해 자격증 및 어학시험 응시료를 지원합니다.,일자리(교육),취업,"1인당 연 1회, 최대 10만원 한도로 자격증 및 어학시험 응시료 실비를 지원합니다.",서귀포시,,특정기간,특정기간,20250210,2025-12-31,,서귀포시청 홈페이지에서 신청 접수합니다.,"홈페이지 시스템을 통해 처리대기, 처리중, 지급완료 상태를 통지하며, 신청월 기준 익월에 지원금을 지급합니다.",https://www.seogwipo.go.kr/group/selfgoverning/planning/application/intro.htm,"- 주민등록초본  
- 통장사본  
- 응시확인서 또는 성적표  
- 결제영수증  
- 건강보험자격득실확인서  
- 사실증명서",nan,,,Y,19.0,39.0,제한없음,무관,nan,"신청일 기준 서귀포시에 주민등록이 되어 있고, 응시일 기준 미취업자이며 사업자등록이 없는 자",nan,60,제주특별자치도 서귀포시,제한없음,미취업자,제한없음,20250210 ~ 20251215,제한없음,2025-02-10,2025-12-15,기타,50130
20250328005400210668,보조금,미래두배 청년통장(대전),금리혜택,근로자가 월 15만원씩 2년간 저축하면 만기 시 적립금과 동일한 금액을 지원하는 사업입니다.,일자리(교육),재직자,"중위소득 140% 이하의 근로자(임금근로자, 사업근로자)로, 월 130시간 이상 근로하고 대전광역시에 거주하며 2년간 근로와 저축을 유지해야 합니다. 2025년 12월에 선정되어 2026년 1월부터 저축을 시작해 2028년 1월까지 조건을 유지해야 합니다. 본인 저축액 360만원에 시 지원금 360만원을 더해 총 720만원을 받게 됩니다.",청년정책과,재단법인대전청년내일재단,특정기간,기타,        ,,선정된 년과 월로 부터 2년 2개월,온라인 신청 (홈페이지 개편 중),"심사기간 내 접수 후 선정기준에 따라 순위 결정, 순위 내 1,500명 선발. 선정기준은 현재 개편 중이며, 결과는 홈페이지에 공고됩니다.",,"- 참여신청서  
- 개인정보 수집 제공동의서  
- 전자증명서 발급(네이버, 카카오톡 등)  
- 주민등록 초본(최근 5년)  
- 주민등록 등본  
- 건강보험료 관련 서류  
- 사업자 등록증(사업근로자만 해당)  
- 고용보험 자격이력내역서(필요시)  
- 4대 사회보험 가입자 가입내역 확인서  
- 재직증명서(임금근로자만 해당)  
- 근로계약서 또는 위촉계약서(특수관계 근로자만 해당)  
- 소득 확인용 서류(특수관계 근로자만 해당, 3개월분)  
- 사업활동 증빙 서류(사업근로자만 해당, 3개월분 매출 자료)",nan,https://www.daejeonyouthportal.kr/,https://www.dhrdf.or.kr/html/kr/,N,18.0,39.0,제한없음,기타,중위소득 140% 이하,nan,nan,1508,"대전광역시 동구, 대전광역시 중구, 대전광역시 서구, 대전광역시 유성구, 대전광역시 대덕구",제한없음,"재직자, 자영업자, 일용근로자, 기타",제한없음,99991231 ~ 99991231,제한없음,,,기타,"30110,30140,30170,30200,30230"
20250327005400210667,프로그램,경기도 청년 푸드창업 허브,"교육지원,맞춤형상담서비스",도내 청년(만 39세 이하)을 위한 원-스톱 외식업 창업지원 프로그램 운영,일자리(교육),창업,"창업 기본교육 및 컨설팅, 메뉴개발 및 조리교육을 포함한 창업성공패키지 제공. 브랜딩 및 디자인 지원, 개별 주방 입점으로 외식업 경영 실습 기회 제공",경기도,재단법인경기도시장상권진흥원,상시,기타,        ,,상시(기수별 4개월/ 연간 3기수 운영),"기수별 모집 공고 및 신청 (기수별 4개월, 연간 3기수 운영)",경기도시장상권진흥원 홈페이지에 심사 및 선정 결과 발표,https://ggbaro.kr/web/index.do,"1. 지원신청서  
2. 개인정보 수집 및 이용 동의서  
3. 창업계획서  
4. 총사업자 등록내역 사실증명  
5. 신분증 사본  
6. 주민등록표초본",nan,https://youth.gg.go.kr/gg/intro/youth-policy-job-test.do?mode=view&articleNo=7663&article.offset=0&articleLimit=10,,N,19.0,39.0,제한없음,무관,nan,nan,nan,700,경기도,제한없음,(예비)창업자,제한없음,,제한없음,,,창업,"41111,41113,41115,41117,41131,41133,41135,41150,41171,41173,41192,41194,41196,41210,41220,41250,41271,41273,41281,41285,41287,41290,41310,41360,41370,41390,41410,41430,41450,41461,41463,41465,41480,41500,41550,41570,41590,41610,41630,41650,41670,41800,41820,41830"
20250327005400210665,프로그램,청년 행정체험 인턴,인턴,사회진입 이행기 청년에게 일경험 제공을 통한 취업역량 강화,일자리(교육),취업,"행정업무 보조, 교육 및 프로그램 보조 등 시정업무 경험 기회 제공",시흥시,,특정기간,특정기간,20250101,2025-12-31,,시 홈페이지에서 신청 (대표 홈페이지 - 참여소통 - 시흥청년 행정체험 인턴),nan,https://www.siheung.go.kr/portal/youth/intern/anm/list.do?anmType=1&mId=0101020100,"주민등록초본, 본인 명의 통장 사본",nan,,,N,19.0,29.0,제한없음,무관,nan,nan,사업 참여 후 1년간 재참여 불가,224,경기도 시흥시,제한없음,미취업자,제한없음,20250101 ~ 20251231,제한없음,2025-01-01,2025-12-31,기타,41390
20250327005400210663,기타,스터디카페·독서실 이용료 지원,보조금,2025년도에 원주시에 1개월 이상 거주 중인 만18세에서 39세 청년 중 스터디카페·독서실 이용료를 결제한 청년에게 지원.,일자리(교육),취업,"2025년에 결제한 관내 스터디카페·독서실 이용료를 1인 연 1회 최대 100,000원 지원.",원주시,,특정기간,특정기간,20250203,2025-11-28,,"신청기간: 2025. 2. 3.(월) 09:00 ~ 11. 28.(금) 18:00(예산 소진 시 마감).  
방문 접수: 원주시청 복지정책과 청년정책팀, 평일 09:00~18:00(점심시간 제외).  
온라인 접수: 원주시 청년지원센터 홈페이지 > 프로그램 신청.",nan,https://www.wonju.go.kr/wjyouth/viewTnWjyouthProgrmU.do?progrmNo=29&key=5942,"1. 주민등록초본(주소변동사항 포함) 1부  
2. 신청서 1부  
3. 개인정보 수집 및 이용 동의서 1부  
4. 지원 대상 증명 서류 택1 1부  
5. 건강보험자격득실 확인서 1부  
6. 사업자등록사실여부 증명서 1부  
7. 스터디카페·독서실 비용 증빙서류 1부  
8. 본인 명의 통장사본 1부",nan,,,Y,18.0,39.0,제한없음,무관,nan,"원주시에 1개월 이상 거주 중인 만18~39세 청년 중 대학교 3학년 마친 휴학생, 대학교 4학년 재학생, 일반 청년 중 취업 준비 중인 청년.","고등학생, 대학 재학생 및 휴학생(1~3학년), 직장인, 사업자.",133,강원특별자치도 원주시,제한없음,미취업자,"고교 졸업, 대졸 예정, 대학 졸업",20250203 ~ 20251128,제한없음,2025-02-03,2025-11-28,기타,51130
20250327005400210660,기타,청년 취업 면접정장 지원,바우처,원주시에 1개월 이상 거주 중인 만18세에서 39세 청년 중 면접 일정이 잡힌 청년에게 면접정장 무료 대여,일자리(교육),취업,"면접정장 세트 무료 대여 지원(3박 4일간, 택배 수령·반납 포함), 1인 연 최대 3회",원주시,,특정기간,특정기간,20250203,2025-11-28,,"신청기간: 2025. 2. 3.(월) 09:00~11. 28.(금) 18:00(예산 소진 시 마감)  
방문 접수: 원주시청 복지정책과 청년정책팀, 평일 09:00~18:00 (점심시간 제외)  
온라인 접수: 원주시 청년지원센터 홈페이지 > 프로그램 신청  
지원절차: 면접 7~15일 전 신청, 쿠폰번호 수령 후 면접 정장 대여 신청",nan,https://www.wonju.go.kr/wjyouth/viewTnWjyouthProgrmU.do?progrmNo=33&key=5942,"1. 주민등록초본(주소변동사항 포함) 1부 (신청일 기준 1개월 내 발급분만 인정)  
2. 신청서 1부 [붙임 1]  
3. 개인정보 수집 및 이용 동의서 1부 [붙임 2]  
4. 면접 일정 등 세부 내용이 확인되는 증빙서류 (면접공고, 1차 시험 합격 서류, 접수증 등)",nan,,,Y,18.0,39.0,제한없음,무관,nan,nan,nan,37,강원특별자치도 원주시,제한없음,제한없음,제한없음,20250203 ~ 20251128,제한없음,2025-02-03,2025-11-28,기타,51130
20250327005400210659,기타,AI면접 및 역량검사 체험 지원,교육지원,청년 취업 역량 강화 지원,일자리(교육),"취업,미래역량강화","- AI 면접 및 역량검사 체험
- 개인별 결과 분석 및 녹화영상 제공
- 면접 학습 지원
- AI 이용 자기소개서 작성 및 첨삭
- NCS 자료 및 대기업 인적성검사 자료 제공",원주시,,특정기간,특정기간,20250304,2025-12-31,,"- 방문: 원주시청 2층, 복지정책과 청년정책팀 (평일 09:00~18:00, 점심시간 제외)
- 온라인: 원주시 청년지원센터 홈페이지에서 프로그램 신청",nan,https://www.wonju.go.kr/wjyouth/viewTnWjyouthProgrmU.do?progrmNo=35&key=5942,"- 신청서 1부
- 개인정보 수집 및 이용 동의서 1부
- 주민등록초본 1부 (주민등록번호 뒷자리 및 주소변동사항 미포함, 신청일 기준 1개월 이내 발급분)",nan,,,Y,18.0,39.0,제한없음,무관,nan,nan,nan,36,강원특별자치도 원주시,제한없음,제한없음,제한없음,20250304 ~ 20251231,제한없음,2025-03-04,2025-12-31,취업지원,51130
20250325005400210653,보조금,대전산업단지 2030 일자리 육성 프로젝트,"보조금,중소기업","대전산업단지의 지식산업, 정보통신산업 및 특화산업 분야 입주기업에 청년 취업을 연계하여 신규 고용창출과 기업 경쟁력 강화를 목표로 합니다.",일자리(교육),취업,"만 39세 이하 대전지역 미취업 청년을 채용한 대전산업단지 입주기업에 대해 신규채용인력 1인당 2,400만원 기준으로 90%까지의 인건비와 정규직 유지 시 인센티브 1,000만원을 지원합니다.",지역청년정책과,,마감,기타,        ,,채용시기 등 상이하여 사업(종료)기간이 인원 별로 상이함,nan,nan,,nan,nan,,,N,18.0,39.0,제한없음,무관,nan,nan,nan,49,"대전광역시 동구, 대전광역시 중구, 대전광역시 서구, 대전광역시 유성구, 대전광역시 대덕구","인문계열, 사회계열, 상경계열, 이학계열, 공학계열, 예체능계열, 농산업계열, 기타",미취업자,제한없음,,중소기업,,,기타,"30110,30140,30170,30200,30230"
20250325005400210652,보조금,우수기업 청년채용 지원사업,"보조금,중소기업",유망중소기업과 좋은일터 인증기업 등 우수 지역기업에 청년취업을 연계하여 청년일자리 창출 및 중소·중견기업 경쟁력 강화를 목표로 합니다.,일자리(교육),취업,"대전지역 만 39세 이하 미취업 청년을 채용한 일정 규모의 중소기업에 대해 신규 채용 인력 1인당 연 2,400만 원 기준으로 90%의 인건비를 지원하며, 정규직 2년 유지 시 인센티브 1,000만 원을 추가 지원합니다.",지역청년정책과,,마감,기타,        ,,채용시기 등 상이하여 사업(종료)기간이 인원 별로 상이함,nan,nan,,nan,nan,,,N,18.0,39.0,제한없음,무관,nan,nan,nan,12,"대전광역시 동구, 대전광역시 중구, 대전광역시 서구, 대전광역시 유성구, 대전광역시 대덕구","인문계열, 사회계열, 상경계열, 이학계열, 공학계열, 예체능계열, 농산업계열, 기타",미취업자,제한없음,,중소기업,,,기타,"30110,30140,30170,30200,30230"
20250317005400210641,공공기관,청년예술청 운영,보조금,"청년예술인의 예술생태계 안착 지원 및 창작, 교육, 교류 활성화를 위한 '청년예술인 종합지원 플랫폼' 운영",일자리(교육),예술인지원,"1) 청년예술인 창업지원 프로그램: 청년예술인의 신산업 콘텐츠 발굴 및 자생력 제고를 위한 단계별 지원  
2) 청년예술인 커뮤니티 사업: 능동적 상호작용을 통한 협업 촉진 및 교류 기회 확대  
3) 공간 및 대관 운영: 청년예술인을 위한 창작 활동 기반 제공 (서울시 서대문구 위치, 총 6개소)",서울문화재단,,상시,특정기간,20250101,2025-12-31,,nan,nan,,nan,"- 사업 근거: 서울예술인플랜 및 서울형 예술교육 관련 정책  
- 추진 경과: 2016년부터 2021년까지의 청년예술청 조성 및 운영 관련 주요 일정  
- 사업 기간: 2025년 1~12월  
- 사업비: 900백만원",https://www.sapy.kr/MAIN,,N,19.0,39.0,제한없음,무관,nan,"나이, 경력, 장르 등 기존 기준을 벗어나 유연한 태도로 새로움을 추구하는 39세 이하 청년예술인",nan,837,"서울특별시 종로구, 서울특별시 중구, 서울특별시 용산구, 서울특별시 성동구, 서울특별시 광진구, 서울특별시 동대문구, 서울특별시 중랑구, 서울특별시 성북구, 서울특별시 강북구, 서울특별시 도봉구, 서울특별시 노원구, 서울특별시 은평구, 서울특별시 서대문구, 서울특별시 마포구, 서울특별시 양천구, 서울특별시 강서구, 서울특별시 구로구, 서울특별시 금천구, 서울특별시 영등포구, 서울특별시 동작구, 서울특별시 관악구, 서울특별시 서초구, 서울특별시 강남구, 서울특별시 송파구, 서울특별시 강동구",제한없음,제한없음,제한없음,,기타,,,기타,"11110,11140,11170,11200,11215,11230,11260,11290,11305,11320,11350,11380,11410,11440,11470,11500,11530,11545,11560,11590,11620,11650,11680,11710,11740"
20250316005400210639,계약(위탁운영),청년인생설계학교 운영,교육지원,"인생전환기 청년들에게 주체적인 인생설계 기회를 제공하며, 자기이해 및 진로탐색 프로그램을 통해 자존감 회복과 자립역량을 강화합니다.",일자리(교육),미래역량강화,"- 사업 근거: 「청년기본법」제19조, 「서울특별시 청년 기본 조례」제11조
- 추진 경과: 2017년부터 청년인생설계학교 운영, 프로그램 전문성 향상 및 접근성 강화
- 사업 기간: 2018년부터
- 사업 대상: 서울시 거주 19~39세 청년, 소득 기준 무관, 취약 청년 우선선정
- 사업 내용: 진로모색 단계별 맞춤형 프로그램, 자기 진단도구 및 그룹 코칭 제공
- 사업비: 1,170백만원",청년정책담당관,,특정기간,특정기간,20250101,2025-12-31,,nan,nan,,nan,nan,,,N,19.0,39.0,제한없음,무관,nan,"국민기초생활수급권자, 차상위계층, 기준중위소득 100% 이하 가구 등 취약 청년 우선선정(반 별 정원 50%이내)",nan,54,"서울특별시 종로구, 서울특별시 중구, 서울특별시 용산구, 서울특별시 성동구, 서울특별시 광진구, 서울특별시 동대문구, 서울특별시 중랑구, 서울특별시 성북구, 서울특별시 강북구, 서울특별시 도봉구, 서울특별시 노원구, 서울특별시 은평구, 서울특별시 서대문구, 서울특별시 마포구, 서울특별시 양천구, 서울특별시 강서구, 서울특별시 구로구, 서울특별시 금천구, 서울특별시 영등포구, 서울특별시 동작구, 서울특별시 관악구, 서울특별시 서초구, 서울특별시 강남구, 서울특별시 송파구, 서울특별시 강동구",제한없음,제한없음,제한없음,20250401 ~ 20251130,기타,2025-04-01,2025-11-30,기타,"11110,11140,11170,11200,11215,11230,11260,11290,11305,11320,11350,11380,11410,11440,11470,11500,11530,11545,11560,11590,11620,11650,11680,11710,11740"
20250316005400210633,공공기관,청년안심주택 공급활성화(임차보증금 무이자지원),금리혜택,청년과 신혼부부의 안정적인 주거환경을 위해 청년안심주택 입주자에게 주거비를 지원합니다.,주거,주택 및 거주지,"- 사업 근거: 「서울시 보증금지원형 장기안심주택 업무처리 지침」
- 추진 경과: 2016년 역세권 청년주택 공급계획 수립, 2019년 청년·신혼부부 주거비 지원계획 수립 및 역세권 청년주택 혁신방안 발표
- 사업 기간: 2021년 1월부터
- 사업 대상: 청년안심주택 및 민간임대주택 입주(예정)자, 연령 19~39세, 소득 전년도 도시근로자 가구당 월평균소득의 100%(신혼부부 120%) 이하, 자산 청년 2억 7,300만원 이하 / 신혼부부 3억 4,500만원 이하
- 사업 내용: 임차보증금 무이자 지원 (1억원 초과시 보증금의 30%, 1억 이하는 보증금의 50%, 최대 지원금액 청년 4,500만원 / 신혼부부 6,000만원)
- 사업 주체: 서울시, SH공사
- 사업 추진절차: 임대차 계약 체결 후 약정서 작성 및 구비서류 제출, 소득심사 후 지원금액 지급 및 보증보험 가입",건축기획관,,상시,특정기간,20250101,2025-12-31,,nan,nan,,nan,nan,,,N,19.0,39.0,제한없음,기타,전년도 도시근로자 가구당 월평균소득의 100%(신혼부부 120%) 이하,nan,nan,3976,"서울특별시 종로구, 서울특별시 중구, 서울특별시 용산구, 서울특별시 성동구, 서울특별시 광진구, 서울특별시 동대문구, 서울특별시 중랑구, 서울특별시 성북구, 서울특별시 강북구, 서울특별시 도봉구, 서울특별시 노원구, 서울특별시 은평구, 서울특별시 서대문구, 서울특별시 마포구, 서울특별시 양천구, 서울특별시 강서구, 서울특별시 구로구, 서울특별시 금천구, 서울특별시 영등포구, 서울특별시 동작구, 서울특별시 관악구, 서울특별시 서초구, 서울특별시 강남구, 서울특별시 송파구, 서울특별시 강동구",제한없음,제한없음,제한없음,,제한없음,,,금융지원,"11110,11140,11170,11200,11215,11230,11260,11290,11305,11320,11350,11380,11410,11440,11470,11500,11530,11545,11560,11590,11620,11650,11680,11710,11740"
20250316005400210632,계약(위탁운영),청년안심주택 공급(매입),공공임대주택,역세권의 민간소유 토지를 개발하여 청년층에게 쾌적하고 저렴한 주택을 공급함으로써 주거안정을 도모하고 지역경제를 활성화하고자 함.,주거,주택 및 거주지,"- 사업 근거: 「민간임대주택에 관한 특별법」, 「서울특별시 청년안심주택 공급 지원에 관한 조례」
- 추진 경과: 2016년부터 2024년까지 다양한 조례 제정 및 개정
- 사업 기간: 2016년 7월 ~ 2025년 12월
- 사업 대상: 청년 및 신혼부부 (연령: 19~39세, 소득: 도시근로자 월평균소득 100% ~120% 이하)
- 사업 내용: 역세권에 민간이 임대주택을 건설하고 일부를 청년안심주택으로 매입하여 공급
- 사업비: 79,662백만원 (국비 66,350 / 시비 13,312)",건축기획관,,상시,특정기간,20250101,2025-12-31,,nan,nan,,nan,nan,,,N,19.0,39.0,제한없음,기타,도시근로자 월평균소득 100% ~120% 이하,nan,nan,485,"서울특별시 종로구, 서울특별시 중구, 서울특별시 용산구, 서울특별시 성동구, 서울특별시 광진구, 서울특별시 동대문구, 서울특별시 중랑구, 서울특별시 성북구, 서울특별시 강북구, 서울특별시 도봉구, 서울특별시 노원구, 서울특별시 은평구, 서울특별시 서대문구, 서울특별시 마포구, 서울특별시 양천구, 서울특별시 강서구, 서울특별시 구로구, 서울특별시 금천구, 서울특별시 영등포구, 서울특별시 동작구, 서울특별시 관악구, 서울특별시 서초구, 서울특별시 강남구, 서울특별시 송파구, 서울특별시 강동구",제한없음,제한없음,제한없음,,제한없음,,,임대주택,"11110,11140,11170,11200,11215,11230,11260,11290,11305,11320,11350,11380,11410,11440,11470,11500,11530,11545,11560,11590,11620,11650,11680,11710,11740"
20250316005400210629,보조금,청년 월세 지원,보조금,"청년층의 주거비 부담을 완화하여 주거 수준을 향상시키고, 내 집 마련, 결혼, 출산, 양육 등 생애 다음 단계로의 성장을 지원합니다.",주거,전월세 및 주거급여 지원,"- 법적 근거: 「주거기본법」제15조, 「청년기본법」제20조, 「서울특별시 청년주거 기본 조례」제7조, 「서울특별시 청년 기본 조례」제13조
- 추진 경과: 2019년 청년자율예산제 요구, 2020~2024년 청년 월세 지원 사업 모집
- 사업 기간: 2025년 1월 1일부터 12월 31일까지
- 사업 대상: 서울시 월세 거주 무주택 청년 1인 가구
  - 연령: 19~39세
  - 소득: 건강보험료 납입 기준 중위소득 150% 이하
  - 재산: 일반재산 1억 3천만원 이하, 자동차 2,500만원 미만
  - 기타 조건: 임차보증금 8천만원 이하 및 월세 60만원 이하
- 사업 내용: 월 임차료 20만원 지원(12개월, 생애 1회)
- 사업비: 45,817백만원",주택정책관,,특정기간,특정기간,20250101,2025-12-31,,nan,nan,,nan,nan,,,N,19.0,39.0,미혼,기타,건강보험료 납입 기준 중위소득 150% 이하,nan,nan,1091,"서울특별시 종로구, 서울특별시 중구, 서울특별시 용산구, 서울특별시 성동구, 서울특별시 광진구, 서울특별시 동대문구, 서울특별시 중랑구, 서울특별시 성북구, 서울특별시 강북구, 서울특별시 도봉구, 서울특별시 노원구, 서울특별시 은평구, 서울특별시 서대문구, 서울특별시 마포구, 서울특별시 양천구, 서울특별시 강서구, 서울특별시 구로구, 서울특별시 금천구, 서울특별시 영등포구, 서울특별시 동작구, 서울특별시 관악구, 서울특별시 서초구, 서울특별시 강남구, 서울특별시 송파구, 서울특별시 강동구",제한없음,제한없음,제한없음,20250701 ~ 20250831,제한없음,2025-07-01,2025-08-31,금융지원,"11110,11140,11170,11200,11215,11230,11260,11290,11305,11320,11350,11380,11410,11440,11470,11500,11530,11545,11560,11590,11620,11650,11680,11710,11740"
20250316005400210628,프로그램,신혼부부 청년 임차보증금 지원사업,금리혜택,신혼부부와 청년의 주거안정을 위한 주거비 부담 완화,주거,전월세 및 주거급여 지원,"- 추진근거: 서울특별시 주거기본조례 제7조, 출산 및 양육지원에 관한 조례 제4조, 청년주거 기본 조례 제7조  
- 추진경과:  
  - 2017.01: 청년 임차보증금 이자지원 사업 시행  
  - 2018.05: 신혼부부 임차보증금 이자지원 사업 시행  
  - 2020.01: 1차 금융지원 확대(소득기준, 지원금리 확대)  
  - 2023.05: 2차 금융지원 확대(대출한도 확대, 추가 지원금리 신설 등)  
  - 2024.07: 3차 금융지원 확대(소득기준, 지원금리 확대 등)  
- 사업 내용: 신혼부부 및 청년 보증금 이자지원  
- 사업비: 90,071백만원",주택정책관,,특정기간,특정기간,20250101,2025-12-31,,nan,nan,,nan,nan,,,N,19.0,39.0,제한없음,연소득,nan,nan,nan,297,"서울특별시 종로구, 서울특별시 중구, 서울특별시 용산구, 서울특별시 성동구, 서울특별시 광진구, 서울특별시 동대문구, 서울특별시 중랑구, 서울특별시 성북구, 서울특별시 강북구, 서울특별시 도봉구, 서울특별시 노원구, 서울특별시 은평구, 서울특별시 서대문구, 서울특별시 마포구, 서울특별시 양천구, 서울특별시 강서구, 서울특별시 구로구, 서울특별시 금천구, 서울특별시 영등포구, 서울특별시 동작구, 서울특별시 관악구, 서울특별시 서초구, 서울특별시 강남구, 서울특별시 송파구, 서울특별시 강동구",제한없음,제한없음,제한없음,20250701 ~ 20251231,제한없음,2025-07-01,2025-12-31,금융지원,"11110,11140,11170,11200,11215,11230,11260,11290,11305,11320,11350,11380,11410,11440,11470,11500,11530,11545,11560,11590,11620,11650,11680,11710,11740"
20250316005400210626,공공기관,청년 매입임대주택 사업,공공임대주택,무주택 저소득 청년층의 주거 안정을 위해 신축 주택을 매입하여 저렴하게 공급합니다.,주거,주택 및 거주지,"- 사업 근거: 공공주택특별법 제43조, 기존주택 등 매입임대주택 업무처리지침  
- 추진 경과:  
  - 2022년 기존주택 매입임대주택 공급계획  
  - 2023년 기존주택 등 매입임대주택 공급계획  
  - 2024년 기존주택 등 매입임대주택 공급계획  
- 사업 기간: 2025년 1월 ~ 2025년 12월  
- 사업 대상: 19세~39세의 대학생, 취업준비생 등 청년으로, 전년도 도시근로자 월평균소득 100% 이하이며 자산기준 제한이 있습니다.  
- 사업 내용: 민간이 건설한 다가구, 다세대 등 양호한 신축 예정 주택을 서울주택도시공사에서 매입하여 무주택 저소득 청년층에게 저렴하게 공급합니다.  
- 사업비: 총 55,709백만원 (국비 38,709백만원, 지방비 17,000백만원)",주택정책관,,상시,특정기간,20250101,2025-12-31,,nan,nan,,nan,nan,,,N,19.0,39.0,제한없음,기타,전년도 도시근로자 월평균소득 100% 이하,nan,nan,441,"서울특별시 종로구, 서울특별시 중구, 서울특별시 용산구, 서울특별시 성동구, 서울특별시 광진구, 서울특별시 동대문구, 서울특별시 중랑구, 서울특별시 성북구, 서울특별시 강북구, 서울특별시 도봉구, 서울특별시 노원구, 서울특별시 은평구, 서울특별시 서대문구, 서울특별시 마포구, 서울특별시 양천구, 서울특별시 강서구, 서울특별시 구로구, 서울특별시 금천구, 서울특별시 영등포구, 서울특별시 동작구, 서울특별시 관악구, 서울특별시 서초구, 서울특별시 강남구, 서울특별시 송파구, 서울특별시 강동구",제한없음,미취업자,제한없음,,제한없음,,,임대주택,"11110,11140,11170,11200,11215,11230,11260,11290,11305,11320,11350,11380,11410,11440,11470,11500,11530,11545,11560,11590,11620,11650,11680,11710,11740"
20250316005400210624,프로그램,로컬크리에이터 양성(로컬인서울),"교육지원,대출,보조금,금리혜택",지역의 역사적·문화적 특색을 살린 상품·서비스로 로컬브랜드 상권 활성화에 기여할 청년 창업가를 양성하고 지원합니다.,일자리(교육),창업,"- 서울시 소상공인 및 청년창업 지원 조례에 근거하여 로컬브랜드 상권 육성계획을 추진합니다.
- 로컬크리에이터 양성과정(로컬인서울)을 운영하며, 사업화 자금 3,000만원 및 창업자금 융자 최대 1억원을 지원합니다.
- 상권 내 안정적 창업을 위한 후속 컨설팅을 제공합니다.
- 사업 기간은 2022년 9월부터 계속되며, 대상은 서울시 거주 19세~39세 청년입니다.
- 사업비는 235백만원입니다.",상권활성화과,,상시,특정기간,20250101,2025-12-31,,nan,nan,,nan,nan,,,N,19.0,39.0,제한없음,무관,nan,nan,nan,916,"서울특별시 종로구, 서울특별시 중구, 서울특별시 용산구, 서울특별시 성동구, 서울특별시 광진구, 서울특별시 동대문구, 서울특별시 중랑구, 서울특별시 성북구, 서울특별시 강북구, 서울특별시 도봉구, 서울특별시 노원구, 서울특별시 은평구, 서울특별시 서대문구, 서울특별시 마포구, 서울특별시 양천구, 서울특별시 강서구, 서울특별시 구로구, 서울특별시 금천구, 서울특별시 영등포구, 서울특별시 동작구, 서울특별시 관악구, 서울특별시 서초구, 서울특별시 강남구, 서울특별시 송파구, 서울특별시 강동구",제한없음,(예비)창업자,제한없음,,제한없음,,,창업,"11110,11140,11170,11200,11215,11230,11260,11290,11305,11320,11350,11380,11410,11440,11470,11500,11530,11545,11560,11590,11620,11650,11680,11710,11740"
20250316005400210623,공공기관,청년 골목창업 지원,"교육지원,금리혜택","청년창업 지원을 통해 혁신적인 청년 사업가를 양성하고, 지속가능한 골목창업환경 조성을 통해 지역경제를 활성화합니다.",일자리(교육),창업,"- 사업 근거: 서울특별시 소상공인 보호 및 지원에 관한 조례
- 추진 경과: 프렙 아카데미 개소 및 교육 진행
- 사업 기간: 2021년 7월부터 계속
- 사업 대상: 서울 소재 19~39세 외식업·베이커리·식음료 분야 예비창업가
- 사업 내용: 이론교육, 실습교육, 멘토링, 사후관리
- 사업비: 2,209백만원 (시비 100%)",소상공인정책과,,마감,특정기간,20250101,2025-12-31,,"상반기: 신청마감  
하반기: 7월 말 ~ 8월 초 예정",nan,,nan,nan,,,N,19.0,39.0,제한없음,무관,nan,nan,nan,976,"서울특별시 종로구, 서울특별시 중구, 서울특별시 용산구, 서울특별시 성동구, 서울특별시 광진구, 서울특별시 동대문구, 서울특별시 중랑구, 서울특별시 성북구, 서울특별시 강북구, 서울특별시 도봉구, 서울특별시 노원구, 서울특별시 은평구, 서울특별시 서대문구, 서울특별시 마포구, 서울특별시 양천구, 서울특별시 강서구, 서울특별시 구로구, 서울특별시 금천구, 서울특별시 영등포구, 서울특별시 동작구, 서울특별시 관악구, 서울특별시 서초구, 서울특별시 강남구, 서울특별시 송파구, 서울특별시 강동구",제한없음,"자영업자, (예비)창업자",제한없음,,제한없음,,,창업,"11110,11140,11170,11200,11215,11230,11260,11290,11305,11320,11350,11380,11410,11440,11470,11500,11530,11545,11560,11590,11620,11650,11680,11710,11740"
20250316005400210619,계약(위탁운영),서울청년 예비인턴,인턴,대학 재학생에게 졸업 전 일경험 기회를 제공하여 직무역량을 향상시키고 실무형 인재를 양성합니다.,일자리(교육),재직자,"- 사업 근거: 청년기본법, 청년고용촉진특별법, 서울특별시 청년기본조례 및 청년일자리 기본 조례에 기반합니다.
- 추진 경과: 2024년 4월부터 서울청년 예비인턴 추진계획 수립 및 운영, 참여기업 모집, 인턴 선발 및 직무수행역량 평가 등이 진행됩니다.
- 사업 기간: 2024년부터 계속사업으로 진행됩니다.
- 사업 대상: 서울 거주 또는 서울 소재 대학 재학 중인 만 19~39세 청년
- 우선 선발 대상: 취업취약계층, 청년부상 제대군인, 4학기 이상 수료한 재학생
- 사업 내용: 기업 직무체험 기회 제공 및 직무역량 강화 교육 지원
- 근로조건: 주 5일, 8시간, 최대 4개월 근무, 생활임금 및 보험료 지급
- 사업비: 1,131백만원 (지방비)",청년정책담당관,,특정기간,특정기간,20250101,2025-12-31,,nan,nan,,nan,nan,,,N,19.0,39.0,제한없음,무관,nan,nan,nan,72,"서울특별시 종로구, 서울특별시 중구, 서울특별시 용산구, 서울특별시 성동구, 서울특별시 광진구, 서울특별시 동대문구, 서울특별시 중랑구, 서울특별시 성북구, 서울특별시 강북구, 서울특별시 도봉구, 서울특별시 노원구, 서울특별시 은평구, 서울특별시 서대문구, 서울특별시 마포구, 서울특별시 양천구, 서울특별시 강서구, 서울특별시 구로구, 서울특별시 금천구, 서울특별시 영등포구, 서울특별시 동작구, 서울특별시 관악구, 서울특별시 서초구, 서울특별시 강남구, 서울특별시 송파구, 서울특별시 강동구",제한없음,제한없음,대학 재학,20250301 ~ 20250630,제한없음,2025-03-01,2025-06-30,기타,"11110,11140,11170,11200,11215,11230,11260,11290,11305,11320,11350,11380,11410,11440,11470,11500,11530,11545,11560,11590,11620,11650,11680,11710,11740"
20250315005400210618,계약(위탁운영),미래 청년 일자리 사업,인턴,미래 신산업 분야 청년일자리 발굴 및 제공을 통해 기업-청년 미스매치를 완화합니다.,일자리(교육),취업,"- 사업 근거: 청년기본법, 청년고용촉진특별법, 서울시청년기본조례, 서울시일자리정책기본조례  
- 추진 경과: 서울청년시민회의 정책 제안 및 대시민투표, 청년 일자리 사업 추진, 관련 기관과의 업무협약  
- 사업 기간: 2022년부터 계속  
- 사업 대상: 서울 거주 미취업 청년(만19~39세, 대학 및 대학원 재학생 제외)  
- 사업 내용: 최대 6개월 일자리 및 역량강화 교육 지원  
- 사업비: 8,953백만원 (지방비)",청년정책담당관,,특정기간,특정기간,20250101,2025-12-31,,nan,nan,,nan,nan,,,N,19.0,39.0,제한없음,무관,nan,nan,nan,83,"서울특별시 종로구, 서울특별시 중구, 서울특별시 용산구, 서울특별시 성동구, 서울특별시 광진구, 서울특별시 동대문구, 서울특별시 중랑구, 서울특별시 성북구, 서울특별시 강북구, 서울특별시 도봉구, 서울특별시 노원구, 서울특별시 은평구, 서울특별시 서대문구, 서울특별시 마포구, 서울특별시 양천구, 서울특별시 강서구, 서울특별시 구로구, 서울특별시 금천구, 서울특별시 영등포구, 서울특별시 동작구, 서울특별시 관악구, 서울특별시 서초구, 서울특별시 강남구, 서울특별시 송파구, 서울특별시 강동구",제한없음,미취업자,제한없음,20250301 ~ 20250731,제한없음,2025-03-01,2025-07-31,직무훈련,"11110,11140,11170,11200,11215,11230,11260,11290,11305,11320,11350,11380,11410,11440,11470,11500,11530,11545,11560,11590,11620,11650,11680,11710,11740"
20250315005400210617,계약(위탁운영),청년취업사관학교 조성 및 운영,교육지원,디지털 신기술 분야의 양질의 교육과정 제공과 취업지원을 통해 청년일자리 미스매칭을 해소합니다.,일자리(교육),취업,"- 사업 근거: 「서울특별시 일자리정책 기본조례」제6조 및 제18조  
- 추진 경과:  
  - 2021년 청년취업사관학교 추진 기본계획 수립 및 금천 캠퍼스 개관  
  - 2022년 마포, 용산 등 5개 캠퍼스 개관  
  - 2023년 광진, 서대문 등 8개 캠퍼스 개관  
  - 2024년 강북, 관악 등 5개 캠퍼스 개관  
- 사업 기간: 2021년 ~  
- 사업 대상: 20~30대 청년 구직자  
- 사업 내용: 디지털 교육 및 취·창업 지원  
  - 교육과정: SW 개발자 및 디지털 전환 과정  
  - 취업지원: 잡 코디, 일자리 매칭데이, 직무체험 캠프  
  - 창업지원: 멘토단 구성(32명), 창업 자문  
- 사업비: 44,404백만원 (지방비 100%)",경제일자리기획관,,상시,특정기간,20250101,2025-12-31,,nan,nan,,nan,nan,,,N,19.0,39.0,제한없음,무관,nan,nan,nan,68,"서울특별시 종로구, 서울특별시 중구, 서울특별시 용산구, 서울특별시 성동구, 서울특별시 광진구, 서울특별시 동대문구, 서울특별시 중랑구, 서울특별시 성북구, 서울특별시 강북구, 서울특별시 도봉구, 서울특별시 노원구, 서울특별시 은평구, 서울특별시 서대문구, 서울특별시 마포구, 서울특별시 양천구, 서울특별시 강서구, 서울특별시 구로구, 서울특별시 금천구, 서울특별시 영등포구, 서울특별시 동작구, 서울특별시 관악구, 서울특별시 서초구, 서울특별시 강남구, 서울특별시 송파구, 서울특별시 강동구",제한없음,미취업자,제한없음,,제한없음,,,직무훈련,"11110,11140,11170,11200,11215,11230,11260,11290,11305,11320,11350,11380,11410,11440,11470,11500,11530,11545,11560,11590,11620,11650,11680,11710,11740"
20250315005400210614,프로그램,서울시 일자리카페 운영,맞춤형상담서비스,"취업준비 청년에게 일자리 정보, 취업 상담, 특강, 멘토링 등 취업 역량 강화 프로그램과 스터디룸 대여, 이력서용 사진 촬영 등 종합 서비스를 제공합니다.",일자리(교육),취업,"- 사업 근거: 서울특별시 청년일자리 기본조례 제11조, 서울특별시 일자리정책 기본조례 제18조, 제19조
- 사업 기간: 2016년부터 계속
- 사업 대상: 39세 이하 청년 구직자
- 사업 내용: 취업지원 프로그램(1:1 상담, 취업 특강, 멘토링 등) 및 스터디룸 무료 제공
- 사업비: 1,297백만원 (지방비 100%)",경제일자리기획관,,특정기간,특정기간,20250101,2025-12-31,,nan,nan,,nan,nan,,,N,19.0,39.0,제한없음,무관,nan,nan,nan,58,"서울특별시 종로구, 서울특별시 중구, 서울특별시 용산구, 서울특별시 성동구, 서울특별시 광진구, 서울특별시 동대문구, 서울특별시 중랑구, 서울특별시 성북구, 서울특별시 강북구, 서울특별시 도봉구, 서울특별시 노원구, 서울특별시 은평구, 서울특별시 서대문구, 서울특별시 마포구, 서울특별시 양천구, 서울특별시 강서구, 서울특별시 구로구, 서울특별시 금천구, 서울특별시 영등포구, 서울특별시 동작구, 서울특별시 관악구, 서울특별시 서초구, 서울특별시 강남구, 서울특별시 송파구, 서울특별시 강동구",제한없음,제한없음,제한없음,20250201 ~ 20251231,제한없음,2025-02-01,2025-12-31,기타,"11110,11140,11170,11200,11215,11230,11260,11290,11305,11320,11350,11380,11410,11440,11470,11500,11530,11545,11560,11590,11620,11650,11680,11710,11740"
20250315005400210613,프로그램,서울형 청년인턴 직무캠프,인턴,실무 중심의 직무교육과 인턴십 과정을 통해 청년 구직자에게 일경험과 취업역량 강화를 지원합니다.,일자리(교육),취업,"- 사업 근거: 청년고용촉진특별법 제8조의2, 서울특별시 일자리 정책 기본 조례 제6조, 서울특별시 청년일자리 기본 조례 제7조  
- 사업 기간: 2021년부터 계속  
- 사업 대상: 서울시 거주 청년(18∼34세), 제대군인은 군 복무기간만큼 최대 3년까지 응시 연령 연장  
- 사업 내용: 사전직무교육, 인턴십 및 직장적응교육, 취업연계  
- 사업비: 4,316백만원 (지방비 100%)",경제일자리기획관,,상시,특정기간,20250101,2025-12-31,,nan,nan,,nan,nan,,,N,18.0,34.0,제한없음,무관,nan,nan,nan,167,"서울특별시 종로구, 서울특별시 중구, 서울특별시 용산구, 서울특별시 성동구, 서울특별시 광진구, 서울특별시 동대문구, 서울특별시 중랑구, 서울특별시 성북구, 서울특별시 강북구, 서울특별시 도봉구, 서울특별시 노원구, 서울특별시 은평구, 서울특별시 서대문구, 서울특별시 마포구, 서울특별시 양천구, 서울특별시 강서구, 서울특별시 구로구, 서울특별시 금천구, 서울특별시 영등포구, 서울특별시 동작구, 서울특별시 관악구, 서울특별시 서초구, 서울특별시 강남구, 서울특별시 송파구, 서울특별시 강동구",제한없음,제한없음,제한없음,,제한없음,,,기타,"11110,11140,11170,11200,11215,11230,11260,11290,11305,11320,11350,11380,11410,11440,11470,11500,11530,11545,11560,11590,11620,11650,11680,11710,11740"
20250315005400210612,보조금,취업날개 서비스 지원,보조금,물가상승과 취업난으로 경제적 부담을 겪고 있는 구직 청년들을 지원합니다.,일자리(교육),취업,"- 사업 근거: 「청년고용촉진 특별법」, 「서울특별시 청년 기본 조례」, 「서울특별시 청년일자리 기본 조례」
- 추진 경과: 2016년 취업날개 서비스 최초 시행, 청년구직비용 절감을 위한 재정적 지원 근거 신설, 2024년 운영기관 확대(14개 지점)
- 사업 기간: 2016년부터 계속사업
- 사업 대상: 서울시 거주 청년(고교졸업예정자 ∼ 39세)
- 사업 내용: 구직용 면접정장 무료대여(1인당 연간 최대 10회)
- 사업비: 2,123백만원 (지방비 100%)",경제일자리기획관,,상시,특정기간,20250101,2025-12-31,,nan,nan,,nan,nan,,,N,18.0,39.0,제한없음,무관,nan,nan,nan,561,"서울특별시 종로구, 서울특별시 중구, 서울특별시 용산구, 서울특별시 성동구, 서울특별시 광진구, 서울특별시 동대문구, 서울특별시 중랑구, 서울특별시 성북구, 서울특별시 강북구, 서울특별시 도봉구, 서울특별시 노원구, 서울특별시 은평구, 서울특별시 서대문구, 서울특별시 마포구, 서울특별시 양천구, 서울특별시 강서구, 서울특별시 구로구, 서울특별시 금천구, 서울특별시 영등포구, 서울특별시 동작구, 서울특별시 관악구, 서울특별시 서초구, 서울특별시 강남구, 서울특별시 송파구, 서울특별시 강동구",제한없음,제한없음,제한없음,,제한없음,,,기타,"11110,11140,11170,11200,11215,11230,11260,11290,11305,11320,11350,11380,11410,11440,11470,11500,11530,11545,11560,11590,11620,11650,11680,11710,11740"
20250314005400210611,프로그램,2025 상반기 김해시 청년 자격증 응시료 지원사업(G-PASS CARD) ,"보조금,교육지원",2025 상반기 김해시 청년 자격증 응시료 지원사업(G-PASS CARD)은 청년의 구직활동 및 자기개발을 지원하기 위한 사업입니다.,일자리(교육),취업,"1인당 연 1회, 최대 10만원 한도로 시험 응시료 실비를 지원합니다. 지원 대상은 국가기술자격증, 어학시험(토익, 토플 등), 한국사능력검정시험입니다. 2025년 1월 1일 이후 응시한 시험에 한해 지원합니다.",김해시,,특정기간,특정기간,20250310,2025-06-20,,"온라인 신청은 김해시청 홈페이지에서 가능하며, 방문 신청은 김해시청 본관 4층 인구청년정책관에서 가능합니다.","지원요건 충족 시 선정되며, 지원인원 초과 시 선착순으로 선정합니다. 선정 결과는 매월 25일경 안내되며, 지급은 매월 말일에 이루어집니다.",https://www.gimhae.go.kr/00708/07681/07686.web,"1. 응시료 지원사업 신청서  
2. 개인정보 수집·활용 동의서  
3. 주민등록 초본  
4. 건강보험자격득실확인서  
5. 응시사실 확인 자료  
6. 응시료 결제 영수증 사본  
7. 통장사본","신청자는 공고문을 숙지해야 하며, 시험에 실제 응시한 후 신청 가능합니다. 중복지원은 불가하며, 서류 보완 요청 시 기한 내 제출해야 합니다. 허위 신청 시 지원금 환수 및 제재가 있을 수 있습니다. 공고문은 변경될 수 있으며, 변경 사항은 김해시 홈페이지에서 확인 가능합니다.",,,N,19.0,39.0,제한없음,무관,nan,nan,nan,250,경상남도 김해시,제한없음,미취업자,제한없음,20250310 ~ 20250620,제한없음,2025-03-10,2025-06-20,기타,48250
